Timestamp,token Y,token X,Rolling Beta,Spread,Rolling Mean,Rolling SD,Z-Score
2024-12-26T10:17:57.496Z,0.7535849735295235,0.6482046676840183,null,null,null,null,null
2024-12-26T10:18:57.494Z,0.7535813118445576,0.648602922942781,null,null,null,null,null
2024-12-26T10:19:57.488Z,0.7512958629937275,0.6471700509263842,null,null,null,null,null
2024-12-26T10:20:57.465Z,0.7498166239682892,0.6465724302476505,null,null,null,null,null
2024-12-26T10:21:57.442Z,0.751006342545459,0.6473256700076206,null,null,null,null,null
2024-12-26T10:22:57.435Z,0.7518423747338779,0.6469138839472766,null,null,null,null,null
2024-12-26T10:23:57.440Z,0.7523887977546296,0.6472123919475546,null,null,null,null,null
2024-12-26T10:24:57.435Z,0.7547634815808894,0.6479108874653248,null,null,null,null,null
2024-12-26T10:25:57.473Z,0.7572502665079952,0.6490024700741022,null,null,null,null,null
2024-12-26T10:26:57.454Z,0.7589193498065019,0.6494135058649413,null,null,null,null,null
2024-12-26T10:27:57.442Z,0.7560297320188434,0.6482366081919297,null,null,null,null,null
2024-12-26T10:28:57.446Z,0.755451416166012,0.647833451997152,null,null,null,null,null
2024-12-26T10:29:57.447Z,0.7556563861190108,0.6480574854706393,null,null,null,null,null
2024-12-26T10:30:57.457Z,0.7553391921458512,0.6481542590637099,null,null,null,null,null
2024-12-26T10:31:57.428Z,0.7529545463181757,0.6469484713607004,null,null,null,null,null
2024-12-26T10:32:57.438Z,0.7521744578597586,0.6464553638034515,null,null,null,null,null
2024-12-26T10:33:57.460Z,0.7519474990500191,0.6457230855382893,null,null,null,null,null
2024-12-26T10:34:57.447Z,0.7510894750630973,0.6453106063333214,null,null,null,null,null
2024-12-26T10:35:57.449Z,0.751197373723838,0.6460307348913118,null,null,null,null,null
2024-12-26T10:36:57.453Z,0.7504114375941232,0.6449193914509539,null,null,null,null,null
2024-12-26T10:37:57.447Z,0.7497558253485409,0.6447602362338579,null,null,null,null,null
2024-12-26T10:38:57.448Z,0.7498272867271327,0.6448355516444836,null,null,null,null,null
2024-12-26T10:39:57.449Z,0.7497672593530348,0.6453611566933959,null,null,null,null,null
2024-12-26T10:40:57.463Z,0.7510611000876102,0.6465890043245017,null,null,null,null,null
2024-12-26T10:41:57.436Z,0.7501891831622525,0.6463743043854341,null,null,null,null,null
2024-12-26T10:42:57.446Z,0.7506152688473114,0.6470005299947,null,null,null,null,null
2024-12-26T10:43:57.450Z,0.7509578386140059,0.6467529013201181,null,null,null,null,null
2024-12-26T10:44:57.456Z,0.7510130485041568,0.6465224321475784,null,null,null,null,null
2024-12-26T10:45:57.460Z,0.7515993063937576,0.6465648190833718,null,null,null,null,null
2024-12-26T10:46:57.445Z,0.7516458325000199,0.6471004695887299,null,null,null,null,null
2024-12-26T10:47:57.462Z,0.7518750562525875,0.6475937893143084,null,null,null,null,null
2024-12-26T10:48:57.458Z,0.7526550366162084,0.648130388302814,null,null,null,null,null
2024-12-26T10:49:57.461Z,0.7533949214640839,0.6488792582785695,null,null,null,null,null
2024-12-26T10:50:57.586Z,0.7523375691723714,0.648695349576716,null,null,null,null,null
2024-12-26T10:51:57.448Z,0.7502064416003105,0.6479599132426895,null,null,null,null,null
2024-12-26T10:52:57.468Z,0.7495572696872362,0.6472187666251995,null,null,null,null,null
2024-12-26T10:53:57.443Z,0.7485040198713641,0.6467483040542703,null,null,null,null,null
2024-12-26T10:54:57.469Z,0.7483947917614555,0.6468599473416324,null,null,null,null,null
2024-12-26T10:55:57.452Z,0.7485384596922744,0.6469656453816168,null,null,null,null,null
2024-12-26T10:56:57.440Z,0.7480891148809792,0.6468833590824321,null,null,null,null,null
2024-12-26T10:57:57.460Z,0.7484684571261716,0.6470954116183536,null,null,null,null,null
2024-12-26T10:58:57.453Z,0.7494864550812695,0.6475751145493127,null,null,null,null,null
2024-12-26T10:59:57.487Z,0.7505824015167726,0.6478853380639148,null,null,null,null,null
2024-12-26T11:00:57.511Z,0.7508261444784334,0.648337945013835,null,null,null,null,null
2024-12-26T11:01:57.513Z,0.7518112135102919,0.6491438068495452,null,null,null,null,null
2024-12-26T11:02:57.504Z,0.7517813839675443,0.649073158341575,null,null,null,null,null
2024-12-26T11:03:57.514Z,0.7529380053099733,0.6494347528262359,null,null,null,null,null
2024-12-26T11:04:57.520Z,0.7532223798937767,0.6499831494776338,null,null,null,null,null
2024-12-26T11:05:57.500Z,0.7538340616768634,0.6505361075055051,null,null,null,null,null
2024-12-26T11:06:57.532Z,0.7525073044780866,0.6508560474318578,0.7951408684009453,0.23498506171911226,null,null,null
2024-12-26T11:07:57.530Z,0.75449863000822,0.6515430907414556,0.7557353193033667,0.2621045042868237,null,null,null
2024-12-26T11:08:57.522Z,0.7566768516333412,0.6522835177933595,0.7705958434402718,0.25402988407717986,null,null,null
2024-12-26T11:09:57.525Z,0.7564275663108423,0.652644683882903,0.7701764698528891,0.25377598760965336,null,null,null
2024-12-26T11:10:57.523Z,0.7566287223799235,0.6526052035079335,0.768494675556151,0.2551050982438382,null,null,null
2024-12-26T11:11:57.519Z,0.7564712397366913,0.6524689438354151,0.7703116317494126,0.25386682294501683,null,null,null
2024-12-26T11:12:57.532Z,0.7551893563193104,0.6527324180274592,0.7479016486308102,0.26700970476179847,null,null,null
2024-12-26T11:13:57.534Z,0.7553686683592707,0.652970840078917,0.7299072982163628,0.2787604866631997,null,null,null
2024-12-26T11:14:57.521Z,0.7540715148545545,0.6529984100476985,0.6963227794488641,0.29937384699445196,null,null,null
2024-12-26T11:15:57.537Z,0.7522646698838649,0.6512446477247955,0.6640519912370532,0.31980436477974117,null,null,null
2024-12-26T11:16:57.545Z,0.7515627649872806,0.6508677583475992,0.6242312512289868,0.3452707698093529,null,null,null
2024-12-26T11:17:57.544Z,0.7521903471447927,0.6512322315165272,0.6091353807766313,0.3555017538259576,null,null,null
2024-12-26T11:18:57.549Z,0.7528726771830704,0.6510197245068873,0.6086340570457247,0.3566399010396536,null,null,null
2024-12-26T11:19:57.538Z,0.7527900782673571,0.6501741163669386,0.6119106604328053,0.3549416053249481,null,null,null
2024-12-26T11:20:57.555Z,0.7527614834399472,0.6494744641894669,0.6163958588299143,0.35242811329778234,null,null,null
2024-12-26T11:21:57.557Z,0.7522660652198478,0.6495835637423966,0.625933837554123,0.3456697323544863,null,null,null
2024-12-26T11:22:57.537Z,0.7518860316727015,0.6494213737236774,0.6366677606023653,0.3384203799767361,null,null,null
2024-12-26T11:23:57.564Z,0.7509532991756561,0.6494748357111716,0.6538189413801019,0.3263143496379623,null,null,null
2024-12-26T11:24:57.563Z,0.7506189544797298,0.6493833234337095,0.6711434510982331,0.3147895897047899,null,null,null
2024-12-26T11:25:57.550Z,0.7502210545999253,0.6484573586203725,0.6870539785911061,0.3046958464131187,null,null,null
2024-12-26T11:26:57.548Z,0.7502643771493599,0.6485964598247812,0.712970619537484,0.2878341573582668,null,null,null
2024-12-26T11:27:57.567Z,0.7506580367260032,0.6485926966039299,0.7366119240478977,0.272896922557168,null,null,null
2024-12-26T11:28:57.556Z,0.7494819617113875,0.648449375190003,0.7684855080679697,0.2511580141621405,null,null,null
2024-12-26T11:29:57.563Z,0.750687378751455,0.6491332104014752,0.7894186823799061,0.2382494951072841,null,null,null
2024-12-26T11:30:57.569Z,0.7509432960413426,0.6497856077181222,0.8042339336509147,0.22836366071644698,null,null,null
2024-12-26T11:31:57.562Z,0.7507801704526705,0.6496420653911882,0.8154804826872425,0.22100974539352725,null,null,null
2024-12-26T11:32:57.569Z,0.7509508521965913,0.6500093999624003,0.8208009559800117,0.2174225153114594,null,null,null
2024-12-26T11:33:57.598Z,0.7509030796784422,0.6497884514808395,0.8390375050957927,0.20570619850790006,null,null,null
2024-12-26T11:34:57.567Z,0.7506917054820136,0.6502038930676356,0.8622282490871725,0.19006754121264302,null,null,null
2024-12-26T11:35:57.569Z,0.7494622840096922,0.650361454698911,0.8918824364092249,0.16941632524617967,null,null,null
2024-12-26T11:36:57.572Z,0.7501416167949084,0.6504017238879474,0.9149975687847528,0.15502562070402448,null,null,null
2024-12-26T11:37:57.591Z,0.7522798030512261,0.6516578555022364,0.9236951778513566,0.15034658431485415,null,null,null
2024-12-26T11:38:57.546Z,0.753265638499568,0.6523641243480208,0.9277108433242166,0.14806036654620147,null,null,null
2024-12-26T11:39:57.569Z,0.7517306413130648,0.6519146195859773,0.9147846273000807,0.15536916900363262,null,null,null
2024-12-26T11:40:57.576Z,0.7524121669323276,0.651654663597401,0.9145714997411032,0.15642738393276845,null,null,null
2024-12-26T11:41:57.577Z,0.7505805472644278,0.6505977111487753,0.9133008208169996,0.1563891236505901,null,null,null
2024-12-26T11:42:57.562Z,0.7497582562192885,0.6502278922516633,0.9216161842625152,0.15049770726125267,null,null,null
2024-12-26T11:43:57.570Z,0.7485561571975549,0.6495723675329312,0.93480927911953,0.141329880568129,null,null,null
2024-12-26T11:44:57.584Z,0.7484628145040084,0.6491484729912292,0.9521513507696722,0.13037521909533945,null,null,null
2024-12-26T11:45:57.560Z,0.7484903116259488,0.6488675647216586,0.9755535541674943,0.11548525267772802,null,null,null
2024-12-26T11:46:57.561Z,0.7481906575176444,0.648634946411822,0.998575829130771,0.100479478101266,null,null,null
2024-12-26T11:47:57.566Z,0.7474279961520616,0.6486646213660582,1.0396196606806434,0.07306350259194216,null,null,null
2024-12-26T11:48:57.562Z,0.7474646028495315,0.6481594441733398,1.09332267238098,0.03881718721696514,null,null,null
2024-12-26T11:49:57.591Z,0.748836741591685,0.6487097283859755,1.1453703146125696,0.005823875898005704,null,null,null
2024-12-26T11:50:57.575Z,0.7492118306450807,0.6485515434536964,1.177806727967804,-0.01465654066858646,null,null,null
2024-12-26T11:51:57.572Z,0.747315720889113,0.6476191047665909,1.2099387188133766,-0.036263709011241874,null,null,null
2024-12-26T11:52:57.576Z,0.7472102235853046,0.6475734009585798,1.2402517825518882,-0.05594384128676266,null,null,null
2024-12-26T11:53:57.561Z,0.74720000599964,0.6480651160930344,1.274938163807589,-0.07904294313976523,null,null,null
2024-12-26T11:54:57.603Z,0.7483313017784022,0.6484293363864988,1.2835753421082248,-0.08397660550690711,null,null,null
2024-12-26T11:55:57.582Z,0.74830531364155,0.6487438638174979,1.286340274020727,-0.08620004591071562,null,null,null
2024-12-26T11:56:57.570Z,0.7472668001263935,0.6483202873450581,1.3006559414730472,-0.09597483358646952,0.18692118299543517,0.13230436199126716,-2.1382213883513335
2024-12-26T11:57:57.575Z,0.7477702120979104,0.6483850420526031,1.2961759238366963,-0.09265086878651763,0.17982607553396832,0.13749277675125277,-1.9817546111054398
2024-12-26T11:58:57.589Z,0.7488563327637013,0.6494453838315862,1.2598457841265525,-0.06934469607697324,0.17335858393088524,0.14140025663198552,-1.7164274364757954
2024-12-26T11:59:57.596Z,0.7496364613603137,0.6492109268284877,1.2220112652785966,-0.04370660476605692,0.16740893208337104,0.14412370021990428,-1.4648217921640048
2024-12-26T12:00:57.585Z,0.7511613010985845,0.6500412069227629,1.171379955147419,-0.010283938710575757,0.1621011513442828,0.14567481321126724,-1.183355490594344
2024-12-26T12:01:57.586Z,0.7484650233744157,0.6497377565560862,1.112632893713046,0.025545423142794732,0.15753472334823834,0.14630389437024788,-0.9021584884912315
2024-12-26T12:02:57.589Z,0.7476542077569361,0.6490539321663062,1.0929319080813473,0.038282455226713696,0.15296017835753664,0.14638520992218187,-0.7833969237178088
2024-12-26T12:03:57.579Z,0.7451358554342173,0.6487989519580784,1.0907461377258654,0.0374609044253541,0.14813418671277975,0.14613564514788047,-0.7573325602759748
2024-12-26T12:04:57.604Z,0.7443532944790675,0.6486075665815979,1.1558283489500185,-0.005325718319429962,0.1420401954065021,0.14605485341115448,-1.0089764926269642
2024-12-26T12:05:57.611Z,0.7448716784646815,0.649411465890421,1.1569778386089664,-0.0064829957090982715,0.1355144481967253,0.14525362507019227,-0.9775827889817196
2024-12-26T12:06:57.606Z,0.7448861078973603,0.6499330528787263,1.1183933832305009,0.01800528201499363,0.12896913844083813,0.14301044825409362,-0.775914331998244
2024-12-26T12:07:57.604Z,0.7434785734713837,0.6499057020745544,1.059145440102759,0.055133912622337244,0.12296178161676571,0.13963735985972375,-0.4857429921517184
2024-12-26T12:08:57.610Z,0.7429644173558263,0.6504074959250408,0.8983999451615206,0.1586383586841278,0.11900175076965519,0.1357065124353597,0.2920759453851006
2024-12-26T12:09:57.596Z,0.742422862925645,0.6500551993376079,0.7880922448950337,0.23011940157398092,0.11650530669463585,0.13245231455660839,0.85777357126355
2024-12-26T12:10:57.603Z,0.7418989349095859,0.6503971464256821,0.6652252441393266,0.30923833439104015,0.11564151111650102,0.131044261508821,1.4773391909382276
2024-12-26T12:11:57.588Z,0.7411154186916262,0.6500589988200236,0.580107781524752,0.364011135025941,0.11600833916993011,0.13171163070082914,1.8829225220005548
2024-12-26T12:12:57.600Z,0.7429794128646596,0.6506046746036666,0.47280368417473057,0.4353711257707443,0.11794735408581027,0.13562707456263798,2.3404159730536334
2024-12-26T12:13:57.600Z,0.7434384768388747,0.6508185721014467,0.36282509346159014,0.5073051675896286,0.1215671704448436,0.14333615847359352,2.6911422857467513
2024-12-26T12:15:57.655Z,0.6524119538316564,0.7420847259930015,-0.01344964549244304,0.6424311773416937,0.13445856701640144,0.17143153324770655,2.9631223655411603
2024-12-26T12:16:57.656Z,0.6542024298461672,0.7438862438386329,-0.1590896996026685,0.5358577907753217,0.1394190396847425,0.1792096805560378,2.212150313869987
2024-12-26T12:17:57.634Z,0.6560279432734748,0.7434855513756642,-0.26666993119470017,0.45776270244387274,0.14311635528247663,0.1837742264585101,1.7121353370649743
2024-12-26T12:18:57.641Z,0.6556286357449796,0.7415983157444195,-0.3870766410371875,0.3685732506877942,0.1454646600129897,0.18587793846490522,1.2002962401959747
2024-12-26T12:19:57.657Z,0.6564598095626661,0.7420478693298295,-0.4447864884331486,0.3264069435141514,0.14722780898112703,0.1871633537858895,0.9573409051966504
2024-12-26T12:20:57.670Z,0.6569174679615378,0.7422581646080988,-0.47552732308883094,0.30395342990461977,0.14873960436489048,0.18811547876621013,0.8250986391855026
2024-12-26T12:21:57.645Z,0.6582099104955248,0.7419043402170109,-0.48704785908196174,0.2968669899492143,0.15025674925600424,0.18899604917652318,0.7757317749868697
2024-12-26T12:22:57.669Z,0.6569243723025109,0.741811758752965,-0.5053250844288336,0.28206828268036727,0.15154966460338237,0.1896710198699754,0.6881315773303636
2024-12-26T12:23:57.672Z,0.6577970798262817,0.7446826028565743,-0.463485056502454,0.31264782156490784,0.15368849706452253,0.19086884212583455,0.8328196615537061
2024-12-26T12:24:57.647Z,0.6594932974664873,0.7453030145150726,-0.40430928278936057,0.3581603702071499,0.15705035364441267,0.19294900636142046,1.042296202272377
2024-12-26T12:25:57.659Z,0.6605675690811053,0.7463367003872061,-0.3370018446881153,0.4090507242921756,0.16184304162533258,0.19614630913895909,1.2603228872979184
2024-12-26T12:26:57.666Z,0.660945660945661,0.7472039192039192,-0.2734258143856255,0.45664082082519825,0.16787534562775608,0.2004349544493713,1.440694194237376
2024-12-26T12:27:57.682Z,0.6617798523656101,0.7473289784988171,-0.22390493106873985,0.49444920894916067,0.17475739812044222,0.20555698220503119,1.555246663963204
2024-12-26T12:28:57.654Z,0.6610955441019702,0.7457859872917204,-0.20939054516172903,0.5049350096489786,0.18189489098249773,0.21063907425280776,1.533619153105326
2024-12-26T12:29:57.686Z,0.6599262022139336,0.7452594892153236,-0.20078533412595276,0.5102890266612979,0.18899328813565106,0.21554863545930997,1.4905950939610528
2024-12-26T12:30:57.680Z,0.6602805887764489,0.7432305367785288,-0.20443729492993332,0.5083365483281241,0.19603147142355815,0.22006832988563452,1.4191277639397963
2024-12-26T12:31:57.672Z,0.6590597476005652,0.7430850765508944,-0.2044070264361215,0.5071679367137392,0.20304704768482115,0.22424437382975998,1.35620298442715
2024-12-26T12:32:57.676Z,0.6595053652263734,0.7433485112259275,-0.2012384342714446,0.5099150747092583,0.21023539503378125,0.2281709839425474,1.31339960277743
2024-12-26T12:33:57.665Z,0.6583414835126372,0.7416122574696643,-0.2071207782066669,0.5047381756179173,0.21750356093477702,0.23162221403549807,1.2400995987333028
2024-12-26T12:34:57.667Z,0.6585457316341469,0.7426140710874314,-0.20668963169288415,0.5050551027911324,0.22499715860869288,0.23472236121437834,1.1931455645448923
2024-12-26T12:35:57.741Z,0.6586759703131281,0.7429083324833656,-0.20348580258432844,0.5075046720311653,0.23283754699576165,0.23746466666850324,1.1566652373543829
2024-12-26T12:36:57.686Z,0.6588443646225416,0.7426471214115145,-0.20124700413671512,0.5093888563077189,0.2410157345598907,0.23979538054300134,1.1191755284864722
2024-12-26T12:37:57.696Z,0.6590568615254147,0.742440658320816,-0.20168975127932018,0.5093141898090345,0.24974074830423254,0.24145645744573718,1.075032095851635
2024-12-26T12:38:57.686Z,0.661371561022876,0.7433067458099302,-0.19509449060121362,0.5163565100886418,0.25929153476166605,0.24236729902462606,1.0606421590763213
2024-12-26T12:39:57.694Z,0.664352,0.744128977,-0.17278115448675974,0.5357805362668886,0.2698906679690437,0.2426387691384362,1.095825985443171
2024-12-26T12:40:57.682Z,0.6650463884227936,0.7438069245645648,-0.1516470850056806,0.5522502365055372,0.28122880351252616,0.24232254375403448,1.1184326014178312
2024-12-26T12:41:57.700Z,0.665088061565599,0.7442532451234403,-0.13563443932772676,0.5641416899454399,0.29323691149165987,0.24116547155471985,1.1233149451591888
2024-12-26T12:42:57.698Z,0.6656899824196835,0.7467322661807912,-0.10467986654943828,0.5875221484477187,0.30610623128634945,0.23935057411633665,1.175747825967556
2024-12-26T12:43:57.723Z,0.665811640160845,0.7479408301657352,-0.06971548527562368,0.6136685822283879,0.3199604617937125,0.23668935736527386,1.24090125430273
2024-12-26T12:44:57.689Z,0.6657569699800093,0.747775075577494,-0.03481100567044685,0.6397261675838624,0.3344345172555279,0.23365370241807762,1.3065988134100899
2024-12-26T12:45:57.697Z,0.6643126501885513,0.7486574156019092,-0.0012319452274646666,0.6633903452583946,0.34942632507891014,0.23020614321256122,1.363838583098042
2024-12-26T12:46:57.721Z,0.7502151256974862,0.6667286654266915,0.04087053900359162,0.7229655657723519,0.36580513306608653,0.22704534891882028,1.5730797147223994
2024-12-26T12:47:57.705Z,0.7499858460990773,0.6670723304936865,0.0817210360600624,0.6954720041241328,0.38156759052429956,0.2219709490120665,1.4141689036197669
2024-12-26T12:48:57.709Z,0.7503036540684536,0.6681559463859301,0.12513156923759455,0.6666962520017521,0.39628840948587407,0.21590259137438964,1.25245297332709
2024-12-26T12:49:57.704Z,0.7517406631825482,0.6679747111401787,0.17715849425053384,0.6334032691595188,0.40983060696438556,0.2090050112601599,1.0697000078952184
2024-12-26T12:50:57.711Z,0.7511798963386523,0.6684416897419667,0.22728243668323916,0.5992548403134363,0.4220213825448658,0.20179738823000132,0.8782742894896454
2024-12-26T12:51:57.707Z,0.7509591221037032,0.6701669054935517,0.26618677199082813,0.5725695568352922,0.43296186521871577,0.19470984326243196,0.7170037696985444
2024-12-26T12:52:57.682Z,0.7504591689598898,0.6703638225365182,0.3008308365334046,0.5487930594444983,0.44317207730307145,0.18697747246702218,0.5648861370722377
2024-12-26T12:53:57.672Z,0.751334403,0.669708,0.3302691295065813,0.5301505248164065,0.4530258697108925,0.17810882032066777,0.43301985250735175
2024-12-26T12:54:57.691Z,0.7503707170342637,0.6690756473948208,0.35366782734932856,0.513740186487792,0.46340718780703694,0.1657919814431384,0.30359127288684773
2024-12-26T13:43:57.693Z,0.7470391641749252,0.6637459123773713,0.5514467220669884,0.38101865650906125,0.3637779668894018,0.060540624354531815,0.2847788539261885
2024-12-26T13:44:57.721Z,0.7468362956725912,0.6637463274926549,0.5068023573349424,0.41044809222690304,0.361712125004184,0.05704987432400407,0.8542694931444067
2024-12-26T13:45:57.702Z,0.7440537785827801,0.6617243031267408,0.5044124913711375,0.41027177424179095,0.3599061890188235,0.053971893430294716,0.933181736305308
2024-12-26T13:46:57.721Z,0.7444736193153352,0.6611166278163947,0.48781818285634565,0.42196890727782654,0.3585619774455985,0.05151662148975586,1.2308052818416404
2024-12-26T13:47:57.730Z,0.7440777498552484,0.6606802674829423,0.4797336846542872,0.4271271707572765,0.35747588382158085,0.0494455891236151,1.4086451020244872
2024-12-26T13:48:57.708Z,0.7424509980780424,0.6590085018129601,0.47997763993408277,0.42614165268136206,0.3564938352607369,0.047548024739590806,1.4647888698230818
2024-12-26T13:49:57.809Z,0.7429752547918467,0.6596228920674538,0.4519280065189524,0.44487319612553616,0.35605185450952687,0.04661253058800094,1.9055249842812398
2024-12-26T13:50:57.728Z,0.7427315424362214,0.6604862282658805,0.4261060014868409,0.46129439667272215,0.35611694022659157,0.04675694105459921,2.2494511846553933
2024-12-26T13:51:57.725Z,0.7454790677440646,0.6621437286237174,0.3992186635382989,0.4811389333326381,0.3567498416690384,0.048208256142528466,2.580244580841949
2024-12-26T13:52:57.713Z,0.74558419804788,0.6633308034370591,0.39144239582204476,0.48592839912791574,0.35779914544442704,0.05038827341078543,2.542838740254654
2024-12-26T13:53:57.716Z,0.7462329125063123,0.6656170157447637,0.3977243969320949,0.48150078633148546,0.359144095486617,0.05272067649570495,2.320848270124846
2024-12-26T13:54:57.721Z,0.7482530442408674,0.6659020022939932,0.41874442622013613,0.4694102923714294,0.36045901570316474,0.0546010298361298,1.9954069913196215
2024-12-26T13:55:57.715Z,0.7477076716137291,0.6659652772221777,0.43591979675901893,0.4574002233184737,0.36179592811702244,0.05611882208312818,1.7036048094493803
2024-12-26T13:56:57.761Z,0.7490148161629777,0.6668043348476833,0.4646659764522292,0.43917352880839977,0.3631105261020784,0.05713691019765175,1.3312410916726027
2024-12-26T13:57:57.720Z,0.7472708018759437,0.6653930382088538,0.4753422111666557,0.4309814037988482,0.36442555528423626,0.0579218135702612,1.149063615452533
2024-12-26T13:58:57.732Z,0.7475236393345246,0.6657863394956235,0.4649514390105373,0.4379653227124763,0.3660205283983116,0.05881992426065426,1.2231364664012307
2024-12-26T13:59:57.724Z,0.7482114952505616,0.6652973511344352,0.4764580194387978,0.4312252369911702,0.36739389447613713,0.059520504922683154,1.0724260924525033
2024-12-26T14:00:57.726Z,0.7492571203030313,0.6650708703643118,0.48083757956743767,0.4294660527562465,0.36874360648859345,0.06014434082476624,1.0096119673930946
2024-12-26T14:01:57.728Z,0.7499461285454708,0.6642759354502572,0.47203678006899025,0.436383454898215,0.3701328813618476,0.06088389030401914,1.0881461944292679
2024-12-26T14:02:57.752Z,0.746495374800638,0.6610350327228731,0.4504938273117113,0.4487031729221886,0.3716573959727946,0.061869862039150465,1.2452876798180086
2024-12-26T14:03:57.758Z,0.7470574465978738,0.6614213700504096,0.4298430760275584,0.46275005034504374,0.3736889818531137,0.06314673807051083,1.4103827246386467
2024-12-26T14:04:57.759Z,0.7486968162344442,0.6622564373347414,0.403774248745998,0.48129472077240787,0.37624221989124007,0.06484231960655377,1.6201224989882979
2024-12-26T14:05:57.751Z,0.7469090861817236,0.6614332286645733,0.38317868678183653,0.4934619702281622,0.37920377520585996,0.06671971715450173,1.7125101828252125
2024-12-26T14:06:57.759Z,0.7480878390540686,0.661499937999256,0.3638351737230595,0.5074108941943162,0.3825632836174935,0.06882837577164734,1.8138973813798975
2024-12-26T14:07:57.730Z,0.7497106498727455,0.6615291535203732,0.3249122616277557,0.5347717164697462,0.38658046947985847,0.07167438556168199,2.0675621538793156
2024-12-26T14:08:57.759Z,0.7498860038860039,0.6612366612366612,0.28226291055041164,0.5632434193227074,0.39122131713890085,0.07535607741492166,2.282790029483986
2024-12-26T14:09:57.730Z,0.7486940696576718,0.6610498651967648,0.24960514799464406,0.5836926202233939,0.3964981414068964,0.0793077820725116,2.3603544812959765
2024-12-26T14:10:57.759Z,0.7508102708616252,0.6617859707158242,0.21321325363008922,0.6097087308385574,0.4022797630401714,0.08396633626421819,2.4703825012165113
2024-12-26T14:11:57.766Z,0.7532927031467661,0.6628599200583213,0.1869074089263201,0.6293992730075576,0.40852996090163013,0.08886571745024428,2.4854276592049316
2024-12-26T14:12:57.804Z,0.7534523874046393,0.661886424157941,0.1399890941376936,0.6607955064647318,0.41547326255324485,0.09455974813398715,2.5943622815479137
2024-12-26T14:13:57.755Z,0.753290364518226,0.6623611180559028,0.10822105512410642,0.6816089454490333,0.4227730242652743,0.10054545007062773,2.5743175946991212
2024-12-26T14:14:57.735Z,0.7532700991382154,0.6609211034201384,0.0460421504658507,0.7228398702484893,0.43097333914507385,0.10770872482526885,2.709776126092828
2024-12-26T14:15:57.764Z,0.6614959917183851,0.752447127189802,-0.008335340032154286,0.6552240890570404,0.4380164574798196,0.1105899508559326,1.9640810932286326
2024-12-26T14:16:57.740Z,0.6589416423343066,0.7497358855645774,-0.055756856329366555,0.6171387262779121,0.4442924140685157,0.11166778949251945,1.547861858776879
2024-12-26T14:17:57.782Z,0.6594888237064832,0.7509937655573546,-0.10909534195829171,0.5775589020444585,0.449698353216279,0.11144560636237971,1.1472910687248135
2024-12-26T14:18:57.827Z,0.6587601606502816,0.7491851908522145,-0.14287889938428436,0.5517174051463122,0.45430856261284885,0.11080083933103207,0.8791345184889945
2024-12-26T14:19:57.757Z,0.6588618562556309,0.7488195700888041,-0.16084126791592643,0.5384207671622887,0.4582154190339305,0.1102525044046145,0.7274696258509781
2024-12-26T14:20:57.765Z,0.659510705443317,0.7487838962373957,-0.17649819746426923,0.5273516974671443,0.46151074090410454,0.1098064244502385,0.5996093297152864
2024-12-26T14:21:57.765Z,0.6589933870462906,0.747836363145458,-0.1968156076963349,0.5118075187764003,0.46416954854185816,0.10938179740745266,0.43552008984720114
2024-12-26T14:22:57.841Z,0.6593018488705791,0.7479585778995471,-0.18802422842721842,0.5186675143654972,0.467012988737795,0.10891261753251154,0.47427494442765333
2024-12-26T14:23:57.766Z,0.6594755084611861,0.7471774989049759,-0.1523561656440469,0.5456384096725149,0.471044149758894,0.10801434397330197,0.6905958706008379
2024-12-26T14:24:57.781Z,0.6599704605612493,0.7478014207730053,-0.10904465072417581,0.5784267158220145,0.47607017698407633,0.10704300758100557,0.9562188241065551
2024-12-26T14:25:57.772Z,0.6607826784346431,0.7495687268625463,-0.08120653931047345,0.5999127961507782,0.4819305234072033,0.10563238188341584,1.1169138728102272
2024-12-26T14:26:57.767Z,0.6608258185287181,0.747451164269729,-0.05490309188637482,0.6197884385762393,0.48840333104636685,0.10395237592186188,1.2638971102366243
2024-12-26T14:27:57.835Z,0.6610312535935883,0.7467808228629711,-0.033898859628244196,0.6357162353062917,0.4956427465749321,0.10132200706735905,1.3824586857842098
2024-12-26T14:28:57.792Z,0.7460845355340431,0.6602899281129474,0.012940474484711173,0.7375400705667857,0.5048142431679882,0.10204575564079511,2.2806027152956876
2024-12-26T14:29:57.782Z,0.7465811594086951,0.6608147542196773,0.037430524111298595,0.7218465168177736,0.5133029593000122,0.10209316132448876,2.0426790081946327
2024-12-26T14:30:57.775Z,0.7457399216004947,0.6608295696433593,0.07159262871979434,0.6984293955739562,0.5210106391540534,0.10122736502801172,1.7526758339586073
2024-12-26T14:31:57.818Z,0.7420568919583819,0.6583662350442223,0.16127731637588733,0.6358773523779531,0.5271576658892535,0.09865127532379682,1.102060628530709
2024-12-26T14:32:57.781Z,0.7438722642992425,0.6585591459353731,0.21349607382988114,0.6032724722572806,0.5323546678968951,0.09563347427958688,0.7415583810440216
2024-12-26T15:18:57.947Z,0.7383804658818964,0.6588618728504982,0.9382637898921303,0.12019422804576108,-0.01826044035408063,0.3369290992406324,0.4109311683433978
2024-12-26T15:19:57.880Z,0.739490593037628,0.6597073611705554,0.7615812854975534,0.2370698128651576,-0.027955974433132948,0.32214269995938477,0.8226968586645129
2024-12-26T15:20:57.932Z,0.7398069138962915,0.6591521127183092,0.6119146210232688,0.3364620986455804,-0.035195320371700464,0.30955905338404377,1.200602647392764
2024-12-26T15:21:57.886Z,0.7401789806254426,0.6598761036456812,0.5497467914389168,0.3774142098990153,-0.04036458322127922,0.3003302317463135,1.3910647312828262
2024-12-26T15:22:57.903Z,0.7406298780134127,0.6601966506191335,0.47476623750534624,0.4271907981853351,-0.043886216702718125,0.2937220347681806,1.6038191185072297
2024-12-26T15:23:57.893Z,0.7421290800341214,0.6606177640927996,0.49588256051959617,0.41454025165105335,-0.04646296198444649,0.2890873860981623,1.5946846379487547
2024-12-26T15:24:57.914Z,0.742391856674267,0.6605814232569303,0.5179308275007296,0.4002563734951954,-0.04774861384892246,0.28694697728222557,1.5612814311108227
2024-12-26T15:25:57.891Z,0.7423931323510884,0.6599974800554389,0.5198521571384629,0.39929201863831887,-0.0471842679059765,0.2877966228127931,1.551360409238439
2024-12-26T15:26:57.898Z,0.7410462062606998,0.6579564726964369,0.5299923340305727,0.3923343196057925,-0.04582375662295979,0.28970404822637147,1.5124333916327621
2024-12-26T15:27:58.041Z,0.7409483482912927,0.657425564360891,0.5658605738644459,0.3689371411688818,-0.04455244868057047,0.29137705089412047,1.4190877029629372
2024-12-26T15:28:57.950Z,0.7396838772771543,0.6569944062349381,0.5752242108054128,0.3617647884470913,-0.04332169855352865,0.2929564536420853,1.3827532452844602
2024-12-26T15:29:57.898Z,0.7391425879962319,0.657372203210845,0.6106052328233584,0.33774768080306977,-0.04234073014874602,0.2941462910242706,1.292174753005653
2024-12-26T15:30:57.879Z,0.7404510857445712,0.6587307063464682,0.6428508146478443,0.31698551453619417,-0.04160684509577019,0.294994882824681,1.215588406816806
2024-12-26T15:31:57.885Z,0.7406730015589735,0.6587108019163675,0.6354910915148213,0.32206815505653785,-0.040574318689314895,0.29617328935104137,1.224426667713537
2024-12-26T15:32:57.925Z,0.7386087447825105,0.6594156811686377,0.5907980778468614,0.3490272278460005,-0.03867095289474439,0.2983571064523935,1.2994434265389514
2024-12-26T15:33:57.903Z,0.7388906540971835,0.6598988680664318,0.5536198875518217,0.3735575169626711,-0.035485896927459445,0.3018700561649026,1.3550314300358508
2024-12-26T15:34:57.912Z,0.7378516524450427,0.6620820137539588,0.44221018186445865,0.44507224473371754,-0.030116998678283876,0.3079213988193658,1.5432160455037391
2024-12-26T15:35:57.904Z,0.7353206302982787,0.6604911542434729,0.3632864260876111,0.49537315941068627,-0.022733576906568395,0.3159037163899412,1.6400780030005113
2024-12-26T15:36:57.889Z,0.7362752332201024,0.6600081398290636,0.3273731747034148,0.5202062731541665,-0.013670523069083394,0.3247267436234512,1.6440801588006135
2024-12-26T15:37:57.913Z,0.7362798341646435,0.6601675153095714,0.28647956415936676,0.5471553321065854,-0.0028468868692099825,0.3340854710252326,1.6462919422624491
2024-12-26T15:38:57.921Z,0.7382097926504618,0.6587573028359304,0.2780364151658351,0.5550512737056453,0.009638579535330248,0.3429199746207442,1.5904955515452834
2024-12-26T15:39:57.993Z,0.7375737722294665,0.6583641992592177,0.2781561226463357,0.5544457392743629,0.023642052767294,0.3505018310357204,1.514410595056131
2024-12-26T15:40:57.914Z,0.7372815311644038,0.6588101054930593,0.2706906896488818,0.5589477693608349,0.03922437979373075,0.3565822434390924,1.4575133763099952
2024-12-26T15:41:57.903Z,0.7357236290400806,0.6583637579986621,0.2502864621063342,0.5709440932715647,0.05602421259026826,0.36141741437925273,1.4247234919924643
2024-12-26T15:42:57.951Z,0.7329449571558997,0.6570652016307656,0.24734229172679645,0.5704249443706165,0.07334211033785226,0.36488880122978407,1.362285804216098
2024-12-26T15:43:57.899Z,0.7333532146328392,0.6558628951294533,0.31267246693289064,0.5282829452429653,0.09033120714599102,0.36589862681772106,1.196920966623763
2024-12-26T15:44:57.911Z,0.7327250043999296,0.6554285131437897,0.3958526208168715,0.47327190971385513,0.10687181217523609,0.36413840030581685,1.006211092350883
2024-12-26T15:45:57.934Z,0.7302723402808541,0.6543762580985799,0.536620443940752,0.379120662155706,0.12214230034887562,0.3591920684021048,0.7154343996236319
2024-12-26T15:46:57.897Z,0.7302269481626843,0.6549933436753913,0.6441365697527105,0.3083217825567595,0.13647142998213524,0.3519701693550427,0.4882526064340235
2024-12-26T15:47:57.910Z,0.7334308940325165,0.6571311998367977,0.6789384303074032,0.2872792687093006,0.1505904316290805,0.34347467996886033,0.39795899101678295
2024-12-26T15:48:57.927Z,0.7333795896160888,0.6561962129947904,0.7337553304937877,0.25189212048132453,0.16412475092245926,0.3337287623924393,0.262990126861339
2024-12-26T16:21:57.922Z,0.7375970883834319,0.6628432408758248,0.7347509952910181,0.25057235742799555,0.20047462285288117,0.20662463404653186,0.24245770503739825
2024-12-26T16:22:57.912Z,0.7370454348658602,0.6620501883287188,0.7003716516353599,0.2733642510005744,0.1989613633159726,0.20580658363925713,0.3615185013469588
2024-12-26T16:23:57.919Z,0.7353940089377944,0.6608378007305832,0.6645635883681259,0.2962252687549775,0.19741471835181876,0.20477667534970365,0.48252834574258435
2024-12-26T16:24:57.932Z,0.7348411142899142,0.6601211767282283,0.6532969907555952,0.30358593599932016,0.1945849921771308,0.2022974071972185,0.5388153280478034
2024-12-26T16:25:57.893Z,0.7333066992526165,0.6595704894492321,0.6481939803618076,0.3057770783673331,0.19079307055626374,0.19836245980227865,0.5796661723477402
2024-12-26T16:26:57.917Z,0.7324699792194597,0.6594831465618106,0.6253510456056086,0.32006150395775457,0.1867901751723355,0.1936377744241069,0.6882506741351364
2024-12-26T16:27:57.935Z,0.7321552656894686,0.6585836828326342,0.613225284854425,0.3282950991839503,0.1824129705138828,0.18782875101284427,0.7766762430320991
2024-12-26T16:28:57.938Z,0.7320415651711325,0.6582880353264458,0.5889395251489347,0.3443497222347504,0.1781989394844649,0.1816842474750454,0.914502963572043
2024-12-26T16:29:57.913Z,0.7314647427468007,0.6574033981762127,0.576654223075186,0.3523702969245096,0.17415743063746786,0.17540898533091331,1.0159848194255205
2024-12-26T16:30:57.897Z,0.7302194719554446,0.6565140660230676,0.5712629417217899,0.35517731531737357,0.17008202155659863,0.1686588125570016,1.0974540313345222
2024-12-26T16:31:57.933Z,0.7321933942546736,0.6585514881327389,0.5553266924120811,0.36648217456686577,0.16599278318250463,0.16120398746282444,1.2436999514704707
2024-12-26T16:32:57.903Z,0.7312342291804783,0.6579201827092201,0.5472864053702865,0.37116345736498707,0.16200755344239204,0.15343218752483825,1.3631813982234724
2024-12-26T16:33:57.926Z,0.731969611002837,0.6585642673791765,0.5365138131315097,0.37864078471907586,0.15901471023191427,0.1476073336364725,1.4879076064611867
2024-12-26T16:34:57.954Z,0.730812951590047,0.657708120195332,0.5310238128679752,0.3815542778496933,0.15718035759463103,0.14422165415864746,1.5557575009384188
2024-12-26T16:35:57.915Z,0.72928975923313,0.6573594543270936,0.5128848285902464,0.39214006817840064,0.15744074571508493,0.14463329168093408,1.6227199127920722
2024-12-26T16:36:57.991Z,0.7278881044617018,0.6567635512018736,0.5058688821941951,0.39565186094932,0.15918734728293613,0.14695348722735274,1.6091112781866006
2024-12-26T16:37:57.913Z,0.7326323467469462,0.6581504681808131,0.5015936074058156,0.4025082791963057,0.16149192749267624,0.14981978183733433,1.6087084679198846
2024-12-26T16:38:57.908Z,0.7295587524076397,0.6550809946976925,0.5228466066786314,0.3870518772302886,0.1641951226276555,0.15261966349888753,1.4602099722507744
2024-12-26T16:39:57.939Z,0.7313276998602386,0.6568653638947497,0.5312664568980721,0.3823571653248121,0.1673342927543176,0.15543449867270825,1.383366462443186
2024-12-26T16:40:57.986Z,0.732485808378862,0.6583430090977187,0.5345732288457583,0.3805532603174621,0.1704065176528895,0.15807792307096222,1.3293870426817056
2024-12-26T16:41:57.937Z,0.7318496481573886,0.6573241961918799,0.5475343574854211,0.3719420667358468,0.17399026453489658,0.16055568886302113,1.2329167754985857
2024-12-26T16:42:58.133Z,0.7335344316556833,0.6582694173058269,0.5643701297579468,0.3620268351951058,0.1785171395359457,0.1625897993948494,1.1286667204349439
2024-12-26T16:43:58.012Z,0.7339428492570403,0.6579955539422012,0.5848588496450654,0.34910832650683693,0.1833880017036213,0.16397348863059227,1.0106531622106225
2024-12-26T16:44:58.068Z,0.7346986995065025,0.6586387068064659,0.6109353590223328,0.3323130246976893,0.1883482355882241,0.16465087590000785,0.8743639432376584
2024-12-26T16:45:58.147Z,0.7358210542526201,0.6588393881242831,0.6378773747577795,0.31556231496888065,0.19317040010483236,0.16477526686962923,0.742780862621119
2024-12-26T16:46:58.035Z,0.736640985742672,0.659843176393057,0.6669967135089457,0.2965277556571994,0.19766113513549016,0.16447093302335652,0.6011191078223481
2024-12-26T16:47:58.025Z,0.7367061993530797,0.659543675123573,0.7068490767227418,0.27050836153365815,0.2014057591667765,0.16395464645083915,0.42147388843659067
2024-12-26T16:48:58.013Z,0.7370000810251178,0.6592893797077094,0.7023411930031729,0.2739539915468834,0.20590986817168772,0.16278826583016567,0.4179915734601226
2024-12-26T16:49:58.043Z,0.7366926396926397,0.6595306595306595,0.7103246137334607,0.2682117787161494,0.21068846554758536,0.16103063791573113,0.35721968137930693
2024-12-26T16:50:58.021Z,0.7371451105646684,0.6580970257089229,0.6980241956489036,0.2777774635352616,0.21616652866124483,0.15854158422516654,0.3886105665912527
2024-12-26T16:51:58.077Z,0.7364873137768853,0.6568204387650096,0.6878135995690701,0.284717283519388,0.2218670050090419,0.1557552916655773,0.40351937862433684
2024-12-26T16:52:58.047Z,0.7389961576734022,0.6586339838886305,0.7067183312337474,0.2735274476857944,0.2275036030259968,0.15238686321950765,0.3020197652700677
2024-12-26T16:53:58.034Z,0.7387611632305826,0.6583147700436017,0.722528497360749,0.26310998164059207,0.2331627146154755,0.1482951593226986,0.2019436585920491
2024-12-26T17:06:58.060Z,0.7332970461586462,0.6546601652423133,0.6453035933840886,0.31084248908236023,0.29099479925778754,0.07135072330910092,0.27817082860659775
2024-12-26T17:08:58.031Z,0.7338358431189806,0.6555445446536515,0.6297984927977766,0.3209748769343062,0.29778305437221975,0.06484657594286447,0.3576414363423058
2024-12-26T17:09:58.027Z,0.7322827197750553,0.6551244515372955,0.6133424183298821,0.33046710436213284,0.30113803605369965,0.06205107721275108,0.4726600991611191
2024-12-26T17:10:58.067Z,0.7332319368172394,0.6556961594890653,0.5978179249602048,0.3412450193471109,0.3037018134992162,0.06099808396430505,0.6154817234892863
2024-12-26T17:11:58.042Z,0.7351069168867559,0.6566937307307298,0.5898159881610131,0.3477784551766682,0.30564593545418967,0.06082258513022423,0.6927117555472313
2024-12-26T17:12:58.058Z,0.735254962509925,0.6565443130886262,0.5781367751952297,0.3556825505680994,0.30729230144554015,0.061040211786688565,0.7927601773674058
2024-12-26T17:13:58.051Z,0.7350832404195471,0.655839668970262,0.5763813758199072,0.35706946970119496,0.3085091854644645,0.06141280317318074,0.7907192267350691
2024-12-26T17:14:58.028Z,0.7351991817394488,0.6555455103677672,0.5644465083995965,0.36517880731533103,0.30974104289078475,0.06191735680709844,0.895350953001125
2024-12-26T17:15:58.120Z,0.7349867086645667,0.6548312584370781,0.5565997527090798,0.3705077921523135,0.31103565716648435,0.062494965748259274,0.9516308117583964
2024-12-26T17:16:58.180Z,0.7343079228565285,0.6544774514853169,0.5747563172992717,0.358142873085415,0.31179728454903755,0.06283146620311285,0.7376174922698421
2024-12-26T17:17:58.087Z,0.7339011297570692,0.6540161473863993,0.5679728786591592,0.36243769583644303,0.3124801364820874,0.0631915526460858,0.7905733798653563
2024-12-26T17:18:58.075Z,0.7337861720563222,0.6533964379175488,0.5470935377629667,0.37631720327428986,0.31311948610287815,0.06367066490855222,0.9925719679884011
2024-12-26T17:19:58.054Z,0.7331780300681804,0.651638909833459,0.49031392125125206,0.4136704009478461,0.3143454881833449,0.06499113551336001,1.5282840033481686
2024-12-26T17:20:58.050Z,0.728729327135591,0.6485308030330001,0.5232633957824243,0.3893768968710408,0.31502947981441826,0.06559443066614486,1.1334409995114931
2024-12-26T17:21:58.080Z,0.7269327432513245,0.6484238590203345,0.6100127153611637,0.33138594430536583,0.31432755520918826,0.06522683281389155,0.2615241053455626
2024-12-26T18:20:57.631Z,0.7274585262627333,0.6505189342496606,0.8919708301071465,0.1472146124796473,0.12495116450630162,0.047742600586542436,0.46632248138617816
2024-12-26T18:21:57.646Z,0.7274342064865957,0.6507906982325922,0.8465110074177027,0.17653271690765404,0.12484776744677721,0.04762503449374373,1.085247496622106
2024-12-26T18:22:57.839Z,0.725060444,0.649285,0.8013523786082721,0.20475436485532805,0.12554889945624048,0.04852961122986404,1.6321059120775792
2024-12-26T18:23:58.126Z,0.7253220837116652,0.6495264018943925,0.7418430952685592,0.24347540727167893,0.1272243089119869,0.05105993242858235,2.276757779150858
2024-12-26T18:24:57.831Z,0.7262525902422292,0.6506690479928561,0.6798580492003696,0.2838900005987444,0.12982846119243335,0.05547267139836966,2.777251131461445
2024-12-26T18:25:57.835Z,0.7269941678658609,0.6517629905487826,0.623026861171325,0.3209283176366169,0.1332032030760132,0.061532183686489404,3.05084434378399
2024-12-26T18:26:57.838Z,0.7270466563934669,0.6520665231351992,0.5754953294466518,0.3517854178406426,0.13726528992217008,0.06870576017478151,3.1223019346958956
2024-12-26T18:27:57.848Z,0.7274189538379076,0.6531673063346126,0.5142725278716579,0.3915129520860848,0.14223528973511407,0.07738189286139859,3.221395253246915
2024-12-26T18:28:57.854Z,0.7268785986233051,0.6527415404708354,0.456109955481391,0.42915668365829773,0.14807201778935639,0.08717731659108544,3.2242867394898047
2024-12-26T18:29:57.868Z,0.7270168115292772,0.652517729503574,0.42657979892195125,0.4486659296846344,0.15437495149494504,0.09676288486724652,3.0413621771761026
2024-12-26T18:30:58.038Z,0.7280921990496304,0.6529311062046014,0.42142479121577,0.4529308439390745,0.1607495379019219,0.10534226886851104,2.7736378680229055
2024-12-26T18:31:57.879Z,0.7282235218466578,0.6527005931314359,0.4271597807931274,0.4494160795610894,0.1669658953141855,0.11276127140498803,2.504851007155367
2024-12-26T18:32:57.865Z,0.7289485299705994,0.652970059401188,0.4375653965717306,0.4432314269792521,0.17294443651519703,0.11914505174922485,2.268554056554124
2024-12-26T18:33:57.865Z,0.7284478262086952,0.6527663889344444,0.441190169130895,0.4404537126717441,0.17876912883364646,0.124826210137842,2.0963913231774556
2024-12-26T18:34:57.883Z,0.7268052338953221,0.6516169676606469,0.4356912434738596,0.44290142698658913,0.18465132793211592,0.1300935305523865,1.9851110040439726
2024-12-26T18:35:57.573Z,0.7253733879267149,0.6512331016715056,0.4123653548645662,0.4568274188563924,0.1907679112022472,0.13544688997616777,1.9643087242605501
2024-12-26T18:36:57.568Z,0.7259136970657002,0.6514321486930555,0.3919343365351771,0.4705950700700026,0.19699656299529508,0.14090120869870282,1.9417754439549133
2024-12-26T18:37:57.558Z,0.7272419393064248,0.651595438831928,0.3958571892984948,0.46930320033069844,0.2030446603281603,0.14588170261549777,1.8251674831648976
2024-12-26T18:38:58.190Z,0.7268428626857254,0.6512783025566051,0.3999454428012539,0.466367073582875,0.2088303300528363,0.1504037616021445,1.7123025434116979
2024-12-26T18:39:58.163Z,0.7256707979628184,0.6505441451026941,0.4047537744560038,0.46236059978224875,0.21443702197434245,0.15447018814300795,1.6049930461558028
2024-12-26T18:40:58.182Z,0.7259747907227939,0.6514886935301589,0.4057081273517951,0.4616605328798056,0.22005427077998424,0.15820633134071513,1.5271592486364851
2024-12-26T18:41:58.220Z,0.7264118182363647,0.6515090301806036,0.40691607160247006,0.46130232306173835,0.22579715355946625,0.16161109495573206,1.4572339205224794
2024-12-26T18:42:58.186Z,0.7261584982794536,0.6512795845487829,0.40680735284835273,0.4612131745249883,0.231595020521833,0.16472276474898004,1.3939673387164726
2024-12-26T18:43:58.214Z,0.7268147862964959,0.651879436843942,0.4161127463119075,0.45555944356710354,0.23719124785466283,0.1674607270371365,1.3039964627886445
2024-12-26T18:44:58.175Z,0.7262240838261795,0.6516729434965309,0.41829710855978536,0.4536311758349363,0.24268825563775287,0.1699457772768402,1.24123660838927
2024-12-26T18:45:58.209Z,0.7274512211342582,0.6531000639044094,0.41989676279185323,0.4532166185216442,0.24817591464499786,0.17221018691581633,1.1906421306939232
2024-12-26T18:46:58.197Z,0.7280477374296369,0.6535018815169337,0.4216425064325399,0.45250356614845627,0.2537096344389956,0.1742297552775338,1.1409872635865106
2024-12-26T18:47:58.195Z,0.7270485246308203,0.6527324855223118,0.42060485802655273,0.4525060702283894,0.25944065832799573,0.1759532480335407,1.0972540379794011
2024-12-26T18:48:58.198Z,0.7278121264184473,0.6536803376972226,0.4251824176605128,0.44987874005920175,0.2652320287172368,0.17735501658634403,1.0411135523311856
2024-12-26T18:49:58.198Z,0.7275358884926832,0.653855538067401,0.42874925729919755,0.44719581216531784,0.2712407158895256,0.17832612936117295,0.9867039502630681
2024-12-26T18:50:58.214Z,0.7271055017889964,0.6537276925446148,0.4256473652421472,0.4488480318715526,0.2776016030083215,0.1788747703226045,0.9573537316323845
2024-12-26T18:51:58.218Z,0.7265260509008292,0.6528179851863406,0.41962213264455517,0.45258917572821533,0.2843537908181947,0.17898068978957435,0.9399638872093585
2024-12-26T18:52:58.208Z,0.7273622085668714,0.6533332000019999,0.42104930904739923,0.45227671612830306,0.29137715333181313,0.1785417200664019,0.901187480083923
2024-12-26T18:53:58.224Z,0.7291209250325997,0.6540127678978568,0.4356349633024186,0.4442100968901037,0.29847390898867304,0.17741990005143526,0.8214196257532596
2024-12-26T18:54:58.248Z,0.728701313168484,0.6541053014727646,0.4228194508343176,0.4521328688119539,0.3060667187563222,0.17570156136976756,0.8313309734808361
2024-12-26T18:55:58.253Z,0.7287617797565296,0.6542221315516568,0.40295396279161794,0.4651403793018103,0.3141431226820158,0.17353351728661345,0.8701330957892283
2024-12-26T18:56:58.233Z,0.7291664326615186,0.6540683895045691,0.40214706388014565,0.46613475024544065,0.32252964888041596,0.17051750716381164,0.8421721836870808
2024-12-26T18:57:58.238Z,0.7289597596840854,0.6539868822230023,0.40372281156679146,0.46493033686521484,0.33123144313749847,0.16641130021503858,0.803424368146569
2024-12-26T18:58:58.268Z,0.7288064549998952,0.6531137534736424,0.4042563095121687,0.46478109932900014,0.3400731998887322,0.16145382684509116,0.7724059681776416
2024-12-26T18:59:58.250Z,0.7291831110719951,0.6532443087829066,0.41740004452599333,0.4565189074996581,0.3481143204401039,0.15697899713750518,0.6905674582988809
2024-12-26T19:00:58.275Z,0.7288388853888539,0.6525655256552565,0.4319311208747824,0.4469755264483374,0.3558368065203951,0.15207839347711669,0.5992877610300108
2024-12-26T19:01:58.265Z,0.7287679922717759,0.6521259116514379,0.4493958948957833,0.4357052846204495,0.36347787828454914,0.14618725814974692,0.49407456744221995
2024-12-26T19:02:58.271Z,0.7288690428334003,0.6521848694118283,0.45582013092759316,0.43159005026910546,0.3711099901319298,0.1394262822463961,0.43377804501947803
2024-12-26T19:03:58.278Z,0.7266325812045128,0.6504420973474159,0.4475692084900759,0.43551472652610496,0.3787955526936163,0.13197423982101586,0.4297745825959027
2024-12-26T19:04:58.263Z,0.7271203056766375,0.6511268376047864,0.42027837727116435,0.453465774970393,0.3867927509350862,0.1238942732797491,0.5381445184698839
2024-12-26T19:05:58.279Z,0.7269695467259206,0.6511268601417413,0.4233071911796006,0.4513428644577275,0.39442873116735894,0.11559359771945071,0.49236406179259967
2024-12-26T19:06:58.259Z,0.7251158506708691,0.6500170992134362,0.46031615489122607,0.4259024789473916,0.401229016786647,0.10691820552578882,0.23076951244559835
2024-12-26T19:55:58.330Z,0.722390555579444,0.6518096156173033,0.8964616015211061,0.13806826367629965,0.09319749395924216,0.10986399426318805,0.4084210665922626
2024-12-26T19:56:58.333Z,0.7223311232979728,0.6518594297508761,0.8378653045145535,0.17616072368907176,0.08769385114386903,0.09804133298143565,0.9023426125994649
2024-12-26T19:57:58.337Z,0.7245169633990601,0.6528666019299022,0.8092032027337798,0.19621521815946363,0.08310010592811048,0.0868264746562549,1.302772140400433
2024-12-26T19:58:58.328Z,0.7236420185293515,0.6522671706490273,0.7933433769663133,0.20617017868238963,0.08020511707850723,0.07999271680684807,1.5747066312054385
2024-12-26T19:59:58.322Z,0.7231603371434799,0.652536025734739,0.7681671783907003,0.22190357945654415,0.07900869415289846,0.07737421628457614,1.8468023608548074
2024-12-26T20:00:58.366Z,0.7226678486430272,0.6530659386812264,0.7236723747643294,0.25006206991988816,0.07908125143623379,0.07753272334715666,2.2052729622056377
2024-12-26T20:01:58.344Z,0.7224401546370619,0.6527665974346487,0.6871992187991294,0.27385945882180557,0.0800076920891745,0.07955156304202997,2.4368065103914067
2024-12-26T20:02:58.341Z,0.7211941113882228,0.6515583031166062,0.6615085320419258,0.29018273475382844,0.08162926495766096,0.08292149931777439,2.5150711397166408
2024-12-26T20:03:58.325Z,0.7229042777983893,0.6530050191154396,0.6281719428518469,0.3127048462486362,0.08389530200222163,0.08752911278798475,2.6140964641175204
2024-12-26T20:04:58.319Z,0.7236473158083673,0.6537774271317992,0.5903909315986203,0.3376630515458752,0.0868464433043416,0.09335407636981571,2.6867236867937185
2024-12-26T20:05:58.326Z,0.7252131414919905,0.654549581847073,0.5720252559071842,0.35079424943197807,0.09015706799457611,0.0995172135604743,2.6190160688032003
2024-12-26T20:06:58.344Z,0.724786598402048,0.6542003739887804,0.5606888477234151,0.35798374453005144,0.09372143357538781,0.10566456533813069,2.500954885954568
2024-12-26T20:07:58.330Z,0.7230436972084144,0.6532402171510969,0.5431745551875845,0.3682202328267263,0.09765299096933486,0.11196026802000601,2.416636246432031
2024-12-26T20:08:58.338Z,0.7243925886444682,0.6544400733595599,0.5365465961389086,0.37325499490649866,0.10209582500547697,0.11822576730241907,2.2935708186811943
2024-12-26T20:09:58.318Z,0.7234828538915977,0.6550499374032551,0.5207144789485695,0.38238886705136865,0.10724673375731225,0.12454611560179138,2.209158687644362
2024-12-26T20:10:58.328Z,0.7235890072485723,0.6560182949205997,0.50170244347979,0.39446302571946196,0.1131974489581436,0.13085892418568273,2.149380170375049
2024-12-26T20:11:58.342Z,0.7237408209978331,0.6561212847253124,0.4865175015469572,0.40452633284149436,0.11966782197975735,0.13696320331185835,2.0798178194849055
2024-12-26T20:12:58.331Z,0.7237761835050268,0.6558630772030664,0.47782834967852705,0.4103862117100052,0.12665951307730267,0.14258707673420687,1.9898486253532686
2024-12-26T20:13:58.309Z,0.7230951386131782,0.6557186874025568,0.46604072632825994,0.4175035252690774,0.13406953504862368,0.14778723147266323,1.9178516803928465
2024-12-26T20:14:58.332Z,0.7229711832679363,0.6557821455855943,0.45483307693648023,0.4246997721912336,0.14182296610716896,0.15258416840754477,1.8539066604112864
2024-12-26T20:15:58.332Z,0.7235302220191211,0.6558358640426619,0.4524931711261971,0.42676897216016757,0.14951735943841551,0.15699526623617843,1.7659870859078257
2024-12-26T20:16:58.339Z,0.7219013684521042,0.6543760968366107,0.44803369241680774,0.42871882955709895,0.15718736934949565,0.16102853179708868,1.6862319812352191
2024-12-26T20:17:58.357Z,0.7194779543968208,0.6527922497395047,0.44253653344181276,0.43059353513941834,0.1648219645850794,0.16471866806525853,1.61348785584549
2024-12-26T20:18:58.334Z,0.7182343119873366,0.6526633248237333,0.43508533749169115,0.4342700690379533,0.1724732403527488,0.16813637336746357,1.5570505265570653
2024-12-26T20:19:58.357Z,0.718246772132023,0.6534724958645286,0.42478818608982405,0.4406593759541399,0.18020437254167038,0.17137185979399402,1.5198236380556427
2024-12-26T20:20:58.339Z,0.7180467434122692,0.652804654739796,0.4193074363110101,0.4443208972214312,0.18804026304691177,0.17428720688784533,1.4704500620027565
2024-12-26T20:21:58.345Z,0.7173516088808181,0.6529819217773636,0.41107249482121605,0.44892870122264505,0.19602297352557665,0.17689351946085247,1.4297060088345288
2024-12-26T20:22:58.384Z,0.7173899309812423,0.6539102296158669,0.39223673440059514,0.4609023179255713,0.20451010359394914,0.17920337024529384,1.4307332165721667
2024-12-26T20:23:58.348Z,0.7158043627171083,0.6529095947177004,0.3816992183929463,0.46658928073210676,0.2131571055862623,0.18119862975414108,1.3986428897928935
2024-12-26T20:24:58.380Z,0.7138659596296955,0.6525125944710322,0.36910858821541764,0.47301795709171346,0.22205250667972262,0.18281285578084014,1.3727997921155688
2024-12-26T20:25:58.368Z,0.7145203005834455,0.6522988793125865,0.36009573496152336,0.47963025622280164,0.23119625064404942,0.18402983314197122,1.3499659339858006
2024-12-26T20:26:58.380Z,0.7160343710752198,0.6532264193205181,0.34327123191071557,0.49180053339843993,0.24071405905521193,0.18495329202395888,1.3575669380932254
2024-12-26T20:28:58.349Z,0.7155265622031338,0.6523434296971091,0.3338529161373605,0.4977398058757067,0.25040200783159205,0.18547547234913134,1.333533727729434
2024-12-26T20:29:58.349Z,0.7169994899887797,0.6524323535117773,0.31561682073095904,0.5110808648313754,0.2605153477417163,0.18562746771033928,1.3498299587895677
2024-12-26T20:30:58.361Z,0.7176958533917067,0.6521573043146085,0.3125792605683267,0.5138450054348132,0.27046059287037405,0.18561278221788238,1.3112481244892997
2024-12-26T20:31:58.356Z,0.7180282166207657,0.6525783567238479,0.29742788385254154,0.5239332169324226,0.2804228072441581,0.18558251718186103,1.3121408922891007
2024-12-26T20:32:58.393Z,0.7179410149945098,0.6526201890864289,0.27316586787755903,0.5396674546482988,0.2908506643944545,0.18520759309941384,1.3434481064730805
2024-12-26T20:33:58.401Z,0.7172629994280253,0.652197303318654,0.2800708603772137,0.5346015395518713,0.3012012642708276,0.18407581940705536,1.2679572799560102
2024-12-26T20:34:58.377Z,0.7181601129606777,0.6525879155274932,0.3073350431315867,0.5175969777948833,0.31137645003717995,0.18167934881078088,1.1350796285189362
2024-12-26T20:35:58.600Z,0.7183478465215347,0.6527244727552723,0.340004755770479,0.4964184215769637,0.3211993825535797,0.17810588204288527,0.9837914223472631
2024-12-26T20:36:58.487Z,0.7183190481476259,0.6526554845212987,0.389459478057354,0.46413618379469146,0.33051314993591335,0.17309016738994742,0.7719851212446083
2024-12-26T20:37:58.362Z,0.7180459934362231,0.6527308071525568,0.4523143017224774,0.4228065141862653,0.3391599282196021,0.16656284415645115,0.502192349021698
2024-12-26T20:38:58.389Z,0.7176465526551575,0.6528715540551351,0.49441076449751814,0.3948598284960755,0.34725982103411396,0.159058121620958,0.2992617225506679
2024-12-26T21:07:58.328Z,0.7126057227313273,0.6464122430530834,0.6954856683414806,0.2630352718474379,0.18938839608053865,0.27973336753038874,0.26327526250116967
2024-12-26T21:08:58.339Z,0.7122389229113832,0.646111168889351,0.6840124653807728,0.27029082936932536,0.1861823419651368,0.27786288672468173,0.3026978104043337
2024-12-26T21:09:58.348Z,0.7131061779285833,0.6464739195350228,0.6695580279639161,0.28025437523461016,0.18310202808906995,0.2759426317693302,0.35207443852587866
2024-12-26T21:10:58.363Z,0.7098901648901649,0.6443456443456443,0.7002563159136774,0.2586830578056593,0.17946250172610032,0.27371266680209017,0.2894296307333119
2024-12-26T21:11:58.363Z,0.7098493025758046,0.6437161825012474,0.7107577752738359,0.2523230207934515,0.17562254419754073,0.271306196769589,0.2827081633562901
2024-12-26T21:12:58.338Z,0.710985648684271,0.6442931744498379,0.7100322794556975,0.2535166973919053,0.17171430412092595,0.2687363074423759,0.3043965069309435
2024-12-26T21:13:58.322Z,0.710767893802655,0.6439559011024725,0.7163407155963942,0.24947606279438905,0.16748577901830228,0.2658000492642806,0.30846602174465815
2024-12-26T21:14:58.350Z,0.7105899524100476,0.6434493565506435,0.721893238878407,0.24608821235547668,0.16307575765076968,0.2626109796947058,0.3161042801836077
2024-12-26T21:15:58.334Z,0.7107832121189698,0.6435737720983301,0.7349555495241286,0.23778509678712528,0.15837110044467792,0.259099863419463,0.30649956852305293
2024-12-26T21:16:58.359Z,0.7102403338150216,0.6434829567330529,0.748983372634348,0.2282822986483774,0.1533441412931894,0.25522748973206966,0.2936131896836657
2024-12-26T21:17:58.336Z,0.7115493391251132,0.6450894865995092,0.7640531128816488,0.21866670880153355,0.1478814648012513,0.25080972239898863,0.2822268743142139
2024-12-26T21:18:58.359Z,0.7132320600867813,0.6467531012629106,0.7737327658520651,0.21281799422322878,0.14218302856820172,0.24598650888826334,0.28714975457093955
2024-12-26T21:19:58.335Z,0.7155583029151458,0.6480754037701886,0.7740848196907884,0.21389297084166448,0.13623927068840752,0.2405310132638331,0.3228427764867075
2024-12-26T21:20:58.509Z,0.7161747338441445,0.6487452723959927,0.7712736435096212,0.2158146038936456,0.13027866265758417,0.2347223090131319,0.3644133427098997
2024-12-26T21:21:58.452Z,0.7164548354484556,0.6490713695012404,0.7698475610180509,0.2167688247112795,0.12413537481316132,0.22826991734245625,0.40580664757129237
2024-12-26T21:22:58.412Z,0.7166112061137712,0.6494261839331501,0.7707635787180944,0.2160571564722209,0.11766316884963976,0.22086403012922398,0.4454957539487639
2024-12-26T21:23:58.438Z,0.7167834821651783,0.6496055039449605,0.7748413140177074,0.21344229989533003,0.11123998405650892,0.2131815734101726,0.4794143987397
2024-12-26T21:24:58.423Z,0.7190421542505311,0.6516190784814987,0.7843921577824551,0.20791725922821336,0.10504638968517552,0.20565123975772895,0.5002200310789601
2024-12-26T21:25:58.428Z,0.7191203340083503,0.6512172804320109,0.7943478173700412,0.20182730866352838,0.09915456742690683,0.19844799929198487,0.5173785656843778
2024-12-26T21:26:58.439Z,0.7194424131809887,0.6518188864164812,0.806349411990332,0.19384863739486602,0.09374881649891031,0.19200909877375397,0.5213285283626283
2024-12-26T21:27:58.443Z,0.7208693206192134,0.6523089507151192,0.8316204365063149,0.17839586628852977,0.08886060354095561,0.1866047225517151,0.479812415909038
2024-12-26T21:28:58.428Z,0.7204456264456265,0.6533186533186532,0.8546263314932743,0.16210230246377966,0.08420545302030968,0.1817532075865294,0.4285858306318181
2024-12-26T21:29:58.429Z,0.7202213077050763,0.6531325684321257,0.8748913894352272,0.14880124742409528,0.08019137250512604,0.17802777330274264,0.38538860339670533
2024-12-26T21:30:58.460Z,0.7213454314730964,0.6531475496392057,0.890518454217692,0.13970548519231762,0.07654781381512574,0.17488038833989725,0.36114782210134816
2024-12-26T21:31:58.425Z,0.7232737000733986,0.6540462271679109,0.9227479791209522,0.11975386570252555,0.07369958306953633,0.1729835115777358,0.26623510075001117
2024-12-26T21:32:58.427Z,0.7201358013580136,0.6518025180251803,0.93367797966916,0.11156214318499202,0.07218721302607724,0.17231401699752727,0.22850683214865697
2024-12-26T22:06:58.485Z,0.741975065526245,0.6502453546617385,0.7970027336342067,0.22372774032789522,0.01694496895418815,0.15395673327818277,1.3431226226401771
2024-12-26T22:07:58.461Z,0.7422784619876841,0.6494993090124377,0.18100172834562075,0.6247179644971464,0.02506599406810041,0.17381211623035125,3.4500009748131366
2024-12-26T22:08:58.484Z,0.6491459290384126,0.7419422749626512,-0.5916525480405685,0.2101738915577439,0.02501311201479071,0.17375537791670584,1.0656405675783736
2024-12-26T22:41:58.540Z,0.6492253139443489,0.7364615376923215,-1.75589036062228,-0.6439204010586603,-0.8640675156813182,0.6515230808869595,0.33789611002415715
2024-12-26T22:42:58.547Z,0.6488931599615604,0.7357710780602975,-1.5103790691664012,-0.46240007603871125,-0.8702408291509341,0.6462039052331939,0.6311332225159587
2024-12-26T22:43:58.539Z,0.6494277643058924,0.734966437839054,-1.318469819000036,-0.31960330196286624,-0.873329348584111,0.6431886901719995,0.8609076233494857
2024-12-26T22:44:58.534Z,0.6493229094792673,0.7364327709412068,-1.0925271056709451,-0.15524985427836357,-0.8729355837844252,0.6436220105271798,1.1150733159641595
2024-12-26T22:45:58.555Z,0.6494497121063337,0.7378771367029926,-0.8437117919281584,0.026894070875833176,-0.8687877281895721,0.6487191837476521,1.3806926348178106
2024-12-26T22:46:58.539Z,0.6493139725589023,0.7382817722708909,-0.5309453894728483,0.25732666943982946,-0.8599385220554765,0.6608882547929125,1.6905508357769166
2024-12-26T22:47:58.537Z,0.6487516737181994,0.7381243946365019,-0.2625491334044133,0.45495775356172863,-0.8468878204654389,0.6800055600813001,1.9144631315536913
2024-12-26T22:48:58.534Z,0.7383441827721617,0.649349363663363,0.07872199514934225,0.687226105315626,-0.828977983638554,0.7078136385357492,2.142095046502275
2024-12-26T22:49:58.538Z,0.7376447483680522,0.6490042318645802,0.43041656265483696,0.45830257774045674,-0.8155877036215975,0.725486017581427,1.7559129335240091
2024-12-26T22:50:58.538Z,0.738961854487675,0.6486657020376206,0.6728320921939287,0.3025187530512592,-0.8052020314788829,0.7375998673988612,1.5017909214605867
2024-12-26T22:51:58.539Z,0.7394865501075991,0.6490468076255389,0.8371754983482431,0.1961204654823523,-0.7964393664739504,0.746783819050027,1.3291126650533536
2024-12-26T22:52:58.559Z,0.7394083591671834,0.6492429848596972,0.849323173122586,0.1879912471385663,-0.7881403275261721,0.7553232102763431,1.2923362626545134
2024-12-26T22:53:58.549Z,0.7387641979432082,0.6496574013703946,0.8702914275918311,0.1733729306589683,-0.7809534438987866,0.7626922732385178,1.2512600534230234
2024-12-26T22:54:58.777Z,0.7391547709879771,0.6497755529178121,0.8623327563377948,0.1788320274394456,-0.7752232910543875,0.7687810945401248,1.2409973726845311
2024-12-26T22:55:58.553Z,0.7387989116087071,0.649654160029359,0.8524754892079941,0.18498466372167077,-0.7718662917377237,0.7725907484259522,1.238496522782401
2024-12-26T22:56:58.544Z,0.7378644151532122,0.64994999599968,0.7643504009385594,0.24107487512084175,-0.7715193490418648,0.7730415194546674,1.309883361603952
2024-12-26T22:57:58.553Z,0.7393007609923901,0.6506434935650642,0.713568991504405,0.27502173946026437,-0.7785132735426025,0.7618790377119918,1.3828113924314687
2024-12-26T22:58:58.573Z,0.7381002020961601,0.6499426510896292,0.7171509357302548,0.27199322169623,-0.7772768869398327,0.7635308580373261,1.37423405693548
2024-12-26T22:59:58.548Z,0.7357128072871928,0.6485593514406487,0.8615013459932706,0.1769780530645514,-0.7676215474390635,0.7724326361454711,1.2228892932557551
2024-12-26T23:00:58.583Z,0.7351167038672619,0.648484375750012,1.0336227377274223,0.06482850803107598,-0.7514011298398746,0.7811781827095102,1.044869987331014
2024-12-26T23:01:58.571Z,0.7335218194363887,0.6468289365787315,1.3423300199611568,-0.1347360799127938,-0.7320676775765074,0.7842327336667491,0.7616764412151444
2024-12-26T23:02:58.552Z,0.7324209024802909,0.6460855722348217,1.4851485579473938,-0.22711215343487123,-0.7093863829078579,0.782106497294012,0.6166349865927384
2024-12-26T23:03:58.548Z,0.7319319078598698,0.6451159051319845,1.4654196651176599,-0.2134336258007189,-0.6816936050983551,0.7746275266471842,0.6044969526507832
2024-12-26T23:04:58.575Z,0.7314975400393593,0.6450356794291291,1.4650133791306312,-0.21348836034093177,-0.6536711674679482,0.7656632432278372,0.5749039293976294
2024-12-26T23:05:58.563Z,0.7289238053620339,0.6434540529243594,1.4620915476364191,-0.21186492671106905,-0.6250003441084354,0.7547524612004789,0.5473786951820598
2024-12-26T23:06:58.557Z,0.7308302158287769,0.6436085323563175,1.4063772776423171,-0.1743261997738681,-0.5955836181945081,0.74298954320414,0.5669762411513475
2024-12-26T23:07:58.569Z,0.7273920707048485,0.6420527046324556,1.38814151178748,-0.16386794135088878,-0.5653531642087901,0.729059315392686,0.5506893806598622
2024-12-26T23:08:58.581Z,0.7290797472822745,0.6427432153110623,1.366452585456717,-0.14919838106428984,-0.5355787533462865,0.7149102878681106,0.5404599413923633
2024-12-26T23:09:58.580Z,0.7275616487121873,0.6417213900796876,1.3424953775826347,-0.1339463511656962,-0.505468856178769,0.6993182673703753,0.53126383557818
2024-12-26T23:10:58.560Z,0.726937424001216,0.6414707364682165,1.331385165707231,-0.12710719876786003,-0.4754485109618888,0.6824960488885942,0.5103931557717919
2024-12-26T23:11:58.567Z,0.7276584692649939,0.6426834914910831,1.340193087027435,-0.13366150317801095,-0.44512419923692176,0.6630475173940893,0.46974415541592274
2024-12-26T23:12:58.590Z,0.7258381885598517,0.6420538748147541,1.360895693780982,-0.1479301648509408,-0.4153354180172709,0.6419362590230594,0.41656044413706267
2024-12-26T23:13:58.570Z,0.7255998725877685,0.6425566854418024,1.3888094868968481,-0.16678894802280064,-0.3863670117626137,0.6194227589237936,0.35448820789425867
2024-12-26T23:14:58.572Z,0.7253628364777421,0.6421943763630855,1.4097414324702746,-0.17996518358070868,-0.3584884675100713,0.5962843655191913,0.2993928639633549
2024-12-26T23:15:58.587Z,0.7269866506662668,0.6437300932523313,1.426748334034249,-0.19145418744920872,-0.331186292880763,0.5715417718901028,0.24448275227453062
2024-12-26T23:24:58.574Z,0.7280172476550469,0.6521419571608569,1.1624151805605842,-0.030042463229223326,-0.13503502903067213,0.35822781145004023,0.29308881791298735
2024-12-26T23:25:58.640Z,0.7285441101320748,0.652219132107888,1.0422902136942347,0.04874249155187593,-0.11561957760836586,0.34093762551604884,0.4820883846758205
2024-12-26T23:26:58.587Z,0.7263727249182266,0.6503129384212785,0.9563056948722375,0.10447475845685927,-0.09647249599589838,0.32552979199251175,0.6172929771582323
2024-12-26T23:27:58.588Z,0.7251784333273669,0.649901054254667,0.8758485949015389,0.155963508133388,-0.07647418594047277,0.30930515639967676,0.7514834113321742
2024-12-26T23:28:58.590Z,0.7246417680152478,0.6502988958154586,0.787626582002582,0.212449071424065,-0.055375759412672886,0.2918201643330833,0.9177735590986881
2024-12-26T23:29:58.593Z,0.7250358076061164,0.6503428462286914,0.7150679201984974,0.2599965011373948,-0.03346706046180842,0.2729436838678954,1.0751798958690666
2024-12-26T23:30:58.591Z,0.7253631620208711,0.6504393806672507,0.6498549820857054,0.30267188994951766,-0.011709764938307056,0.25491729676926517,1.2332692166133508
2024-12-26T23:31:58.587Z,0.7233633537204893,0.64835056041345,0.62238436811537,0.31984009986031825,0.007565445080072516,0.24252009186742174,1.2876238515980634
2024-12-26T23:32:58.598Z,0.7246128915484339,0.6483776808240643,0.5993436753393339,0.3360118293153456,0.023533683187153653,0.23727873705132904,1.3169243481795654
2024-12-26T23:33:58.583Z,0.7249446097873676,0.648906636584922,0.5695391819912586,0.3553668547980922,0.03703308632237282,0.2365721252297852,1.3456097930663562
2024-12-26T23:34:58.594Z,0.7268971234612474,0.6500959579645111,0.5251513467923108,0.38549835559194684,0.047848050519779035,0.2398718684589066,1.407627777452411
2024-12-26T23:35:58.589Z,0.7275205582606556,0.6505380699085866,0.47375969536926643,0.4193218404346531,0.05569660591095543,0.24541391077698646,1.481681431066606
2024-12-26T23:36:58.612Z,0.728148978467366,0.6503369442719474,0.4297649929825333,0.4486569261760504,0.05952321104567985,0.2499772135849212,1.556676744851289
2024-12-26T23:37:58.607Z,0.7275925708142704,0.650638265956649,0.3884069576198836,0.47488014142297175,0.059921658802904704,0.2506222388277175,1.65571293497748
2024-12-26T23:38:58.629Z,0.7274322079922388,0.6508388800264041,0.3395628707226124,0.5064314895125832,0.05630576648684386,0.24272543155568027,1.8544646110660319
2024-12-26T23:39:58.612Z,0.7272018037801585,0.651181836999793,0.29508099280237443,0.5350504208233856,0.05784072334850244,0.2454896722619486,1.9439094650209106
2024-12-26T23:40:58.608Z,0.7271629866519467,0.6511206044824179,0.25592886588264946,0.5605224287939363,0.06300079686335597,0.25316987183313566,1.9651691898730232
2024-12-26T23:41:58.592Z,0.7262897231308306,0.6506430480708558,0.21239690027047675,0.5880951565380461,0.07084029068446986,0.26304674707818365,1.9663990207027195
2024-12-26T23:42:58.658Z,0.7275777903337101,0.6511885356560697,0.17226302481857705,0.6154020834544157,0.07938850741078685,0.27345380438046196,1.9601613415400212
2024-12-26T23:43:58.601Z,0.72698756045266,0.651303657360924,0.12676812860218317,0.6444230146572582,0.08880950909075264,0.28442370911865533,1.9534711339226496
2024-12-26T23:44:58.609Z,0.7270520894791052,0.6510314896851032,0.08231592911389887,0.6734618275232702,0.09870210509242913,0.29575880113013475,1.9433393705769895
2024-12-26T23:45:58.621Z,0.7271466296247405,0.6510968570365658,0.04315470812736065,0.6990487347966856,0.10898338651392941,0.307289751888571,1.920224624011298
2024-12-26T23:46:58.628Z,0.7263787758326709,0.6503627699523474,0.0026780670663496572,0.7246370607172815,0.11865463022585822,0.3186927742587804,1.9014627234672161
2024-12-26T23:47:58.614Z,0.6514403316872971,0.7274449047879054,-0.05031348612749255,0.6148400425617356,0.12545099628788767,0.3255055753507163,1.5034736217545743
2024-12-26T23:48:58.606Z,0.6517854106954631,0.7289890053183298,-0.07598194118486248,0.5963954109689544,0.13193904007334212,0.3315389347121574,1.4009104882322616
2024-12-26T23:49:58.609Z,0.6531197967969519,0.7289887168307524,-0.07197132979641255,0.6006535094400622,0.14041254920085236,0.3379342535097444,1.3619245621277003
2024-12-26T23:50:58.616Z,0.6530242864899837,0.7292307381544988,-0.0640598005495152,0.6063099108492307,0.15124217725721545,0.3439610834637784,1.3230209912393684
2024-12-26T23:51:58.612Z,0.6510722300224406,0.7272619433344134,-0.05500961943697025,0.6110658272886231,0.1661582154012438,0.3473900160550767,1.2807150215187584
2024-12-26T23:52:58.613Z,0.6510443958224168,0.7270566587733649,-0.04267832083282021,0.6200148384756489,0.18310075523945418,0.3484526633915392,1.2538692601274675
2024-12-26T23:53:58.618Z,0.6508393352520805,0.7268081339416256,-0.025543814897365888,0.6322738828127756,0.2000149054117241,0.3493186365087739,1.2374346290859704
2024-12-26T23:54:58.633Z,0.6510458962224525,0.7268307814318917,-0.00816537984318221,0.6451110468103441,0.2171868935547496,0.3496729116210766,1.2237841109045213
2024-12-26T23:55:58.650Z,0.7273364243364243,0.651997651997652,0.004563062937730568,0.7243613180151065,0.2359114184492731,0.35125965600407527,1.3905664690401178
2024-12-26T23:56:58.626Z,0.7273834620826896,0.6520107399463002,0.03233971301171383,0.7062976218722711,0.2535238948821959,0.35232444160078813,1.2851045046233385
2024-12-26T23:57:58.634Z,0.7277933222130221,0.6524002672074819,0.04078006820130625,0.7011883948217505,0.2708250216056487,0.35264278576833,1.2203946616359556
2024-12-26T23:58:58.646Z,0.727757084817826,0.6527211840077755,0.06618456015178262,0.6845570203525206,0.2875001296339849,0.352099368483706,1.1276841887801063
2024-12-26T23:59:58.635Z,0.727885470748702,0.6537323104245498,0.0829096879502656,0.6736847288883965,0.30365275123506674,0.35091806204938203,1.054468315173979
2024-12-27T00:00:58.637Z,0.7289494843927676,0.6536065503270863,0.10258317692355004,0.661900448002173,0.3194329041704674,0.34892723969343165,0.9814869831676037
2024-12-27T00:01:58.650Z,0.7316925702194805,0.6548008435637267,0.1592844810789429,0.6273929576423782,0.3346539933868752,0.34541197734650536,0.8475066976668196
2024-12-27T00:02:58.655Z,0.7326910329035193,0.6564324605392756,0.21488028545374893,0.591636638401733,0.3494453294519287,0.34022595825857854,0.7118542929218059
2024-12-27T00:03:58.650Z,0.7356909176362354,0.6572651410228847,0.31092541182113165,0.5313304829880208,0.3634077180721451,0.3330021651186759,0.5042692886276912
2024-12-27T00:04:58.635Z,0.7342505332377355,0.658502854434348,0.3885926529347928,0.47836116206795853,0.37657424498511843,0.32415472883099056,0.31400719480452277
2024-12-27T00:41:58.695Z,0.7346144058050438,0.6526864128293388,0.48459812652267165,0.41832379294114314,0.35661862344213774,0.17917821180511068,0.344378754968942
2024-12-27T00:42:58.712Z,0.7362204480862732,0.6544531623442729,0.46327305255005485,0.4330299338160053,0.3528789253489448,0.17555645442144904,0.456554039731551
2024-12-27T00:43:58.691Z,0.7353913175646623,0.6530665712040093,0.4226596826579953,0.4593664078250306,0.34942077584918996,0.1716789757787051,0.6404140721200537
2024-12-27T00:44:58.688Z,0.7343647506804714,0.6525445931270887,0.37823878202138067,0.4875470785614439,0.34626949648421196,0.1676205922492419,0.8428414443683659
2024-12-27T00:45:58.681Z,0.731718411166076,0.6514951066419074,0.348962718349621,0.5043709077608398,0.34186968827912656,0.16036881632202474,1.0132968691083097
2024-12-27T00:46:58.693Z,0.7358358802445034,0.6544168240151055,0.3230320578279854,0.5244382669056493,0.3382325011797942,0.15399805018540516,1.2091436579987451
2024-12-27T00:47:58.685Z,0.7364325776784241,0.6549182582429398,0.3037496383561459,0.5375013935842942,0.334958761155045,0.1478651558081572,1.3697793190170606
2024-12-27T00:48:58.714Z,0.7364833007151337,0.6558278239077237,0.29184876460854353,0.5450807605117551,0.3321692359582298,0.1424604123500352,1.4945311545946312
2024-12-27T00:49:58.742Z,0.7362600910986334,0.6561871571926421,0.28880584151114685,0.5467494069768053,0.32963052951999794,0.13739272329429633,1.5802793062900207
2024-12-27T00:50:58.784Z,0.7355444493113642,0.6562071227703841,0.2845284911643928,0.5488348267781793,0.32736921709551803,0.13275764152962344,1.6681948182488886
2024-12-27T00:51:58.713Z,0.7352681454133088,0.6575539179852619,0.292812817775276,0.5427279298488715,0.3256759165396479,0.12941803090403026,1.6771388947354502
2024-12-27T00:52:58.697Z,0.7350504325374564,0.6572899385917809,0.30168914147127995,0.5367531952659916,0.3245782476769331,0.12737422065145954,1.6657605165620089
2024-12-27T00:53:58.708Z,0.7351430948635613,0.657323747741189,0.2991407193509573,0.5385107961177948,0.32472185393952857,0.1276110670488005,1.6753166251365175
2024-12-27T00:54:58.700Z,0.7356718985164481,0.6576960193606776,0.30880366051605823,0.5325729602310305,0.32580608990279,0.12913307002235247,1.601192245274196
2024-12-27T00:55:58.706Z,0.7360565405122175,0.6575230689849647,0.33342502097926596,0.5168218974415543,0.32751922402422723,0.13107305182315399,1.4442531915159607
2024-12-27T00:56:58.709Z,0.7351407166886003,0.6568438821265855,0.3283912037289149,0.5194389635750774,0.3305571918618334,0.13369945859595278,1.4127340057827398
2024-12-27T00:57:58.707Z,0.7359885314724477,0.6571391426528459,0.33592181332174514,0.5152411590678068,0.33449431710255845,0.1361588936989419,1.3274699658245894
2024-12-27T00:58:58.727Z,0.736728994972814,0.6578103389825423,0.35691370002769923,0.5019474729700797,0.3390466291576039,0.13786566496473981,1.1815911079393038
2024-12-27T00:59:58.699Z,0.7357897087897088,0.6575016575016576,0.3808826706221701,0.48535872154197407,0.34398014295192547,0.13859758133525188,1.0200652654108717
2024-12-27T01:00:59.095Z,0.7355689441204971,0.6573359160232441,0.4156944097942258,0.46231807847266787,0.3488883205797378,0.1383558317467556,0.8198408152433371
2024-12-27T01:01:58.717Z,0.7358213410396531,0.6575344109515072,0.44676981392989956,0.44205481460634216,0.3536661185419873,0.13736230387986786,0.6434712695388134
2024-12-27T01:02:58.718Z,0.7381898171389027,0.6582149492896957,0.5081010790708618,0.4037500911442358,0.35767271963360464,0.13583460552492413,0.3392167359162132
2024-12-27T01:30:58.763Z,0.7358164277828003,0.6580683809234265,0.48137554738425925,0.4190384006995127,0.3981260814602196,0.10085055185818326,0.20735949237739568
2024-12-27T02:25:58.849Z,0.7371051843170509,0.6561765011759811,0.8574509599732353,0.1744660134718271,0.12765738887453373,0.09939481422734811,0.4709362853702498
2024-12-27T02:26:58.836Z,0.7378403754882608,0.6563964407216959,0.8151927404508714,0.20275076215414356,0.12467717015106951,0.09475638688528099,0.8239401540035043
2024-12-27T02:27:58.797Z,0.7380477996805754,0.6563375379904252,0.7726802819394215,0.2309087257787079,0.12312214142396309,0.09233126654959442,1.167389860257671
2024-12-27T02:28:58.790Z,0.7377668882702123,0.656007496119938,0.7261109482505597,0.2614326632030888,0.12277698829488885,0.09177968456631534,1.5107447314009275
2024-12-27T02:29:58.808Z,0.7407174887130079,0.657928393222305,0.7215748649695034,0.26597289721402084,0.12291557314506299,0.09199032868983005,1.5551343940873807
2024-12-27T02:30:58.803Z,0.7405329683461079,0.6582149624763133,0.7187044157084477,0.2674709683290114,0.1234311121149796,0.09272385696041972,1.553428221558093
2024-12-27T02:31:58.817Z,0.7410953139046861,0.6580073419926581,0.7135984066255976,0.2715423231107806,0.12417185176983646,0.09375048739709647,1.5719435219225142
2024-12-27T02:32:58.793Z,0.7401830658604315,0.6574903578760429,0.6829559392895657,0.2911461209233659,0.1255365788502063,0.09565519338055872,1.7313178325226053
2024-12-27T02:33:58.829Z,0.7404576685423315,0.6581203418796582,0.691686030309342,0.2852450218017638,0.12657842678189934,0.09709450056438132,1.6341460545920001
2024-12-27T02:34:58.865Z,0.739412490662304,0.6576538107300254,0.68534722214205,0.28869127834734754,0.12765398926350355,0.0985751919828839,1.633649256415404
2024-12-27T02:35:58.802Z,0.7392582060656485,0.6570342562740502,0.6534567297679618,0.30991474961528276,0.12932159326529918,0.1009114461430479,1.7896201397607778
2024-12-27T02:36:58.844Z,0.7379184600260615,0.6564240418665538,0.6286132367678418,0.32528161837609787,0.13117401861175595,0.10360558447604254,1.8735244894953207
2024-12-27T02:37:58.812Z,0.7386917804451939,0.6574133798147742,0.61886378850609,0.3318424455984296,0.13313820022693612,0.10642207066395147,1.8671338015865249
2024-12-27T02:38:58.808Z,0.7389885227804509,0.657044320986173,0.5932163260958552,0.3492191046028875,0.1355708573634693,0.10988698637536781,1.9442543133324972
2024-12-27T02:39:58.820Z,0.7375201303188272,0.6561810943701507,0.5755095287700531,0.35988165791004406,0.13814969473622754,0.11354691283268804,1.9527784388162073
2024-12-27T02:40:58.801Z,0.737639520140154,0.6557044604126626,0.5454167878256742,0.3800072995789126,0.14105425886712492,0.11776086841196616,2.029137895585582
2024-12-27T02:41:58.814Z,0.7371580037338992,0.6555822992779194,0.5232810138748453,0.39410423348934726,0.14412550852937012,0.12223305661088499,2.0450991891314305
2024-12-27T02:42:58.804Z,0.7357914825918007,0.6543409003185854,0.504293426994192,0.40581166754767634,0.14739515421707652,0.12691312951028014,2.036168474670445
2024-12-27T02:43:58.805Z,0.7343470229958732,0.6533029881535805,0.5037644028221921,0.40523623330673103,0.1513340631970987,0.1317076395817075,1.9277710155310996
2024-12-27T02:44:58.842Z,0.7344497831091094,0.653309560998438,0.5108447261196298,0.4007100393495267,0.15566552392837948,0.1361998078737451,1.7991546335241477
2024-12-27T02:45:58.851Z,0.7367108459034755,0.6528230947297898,0.4653805049243073,0.432899704451877,0.16114576039180575,0.1416238779952823,1.9188426973389596
2024-12-27T02:46:58.854Z,0.7366616133990258,0.6524865176752702,0.43348360192815893,0.4538194075075883,0.16759822357940166,0.1473462125263468,1.9425079139852865
2024-12-27T02:47:58.829Z,0.7353397497690084,0.6522355195212973,0.4342275786787545,0.452121099398996,0.17517472472478,0.1519694386546995,1.8223820336895857
2024-12-27T02:48:58.831Z,0.7338916365418172,0.650665226717065,0.4446280819997977,0.4445876047626451,0.18271846663654012,0.1557471110834811,1.6813739677376232
2024-12-27T02:49:58.802Z,0.7318610468063915,0.6497525532168081,0.4861575910988988,0.41597891072414905,0.1895829149194075,0.15829219171825923,1.4302410835759907
2024-12-27T02:50:58.809Z,0.7317014018817755,0.6497645530608103,0.5117123639137148,0.3992088464476899,0.19658193528174486,0.15966361419496253,1.2690863362175977
2024-12-27T02:51:58.824Z,0.7305640245884181,0.6486550271354613,0.5520069463489429,0.3725019438254814,0.20301254946610442,0.1601437615522798,1.0583577700218203
2024-12-27T02:52:58.828Z,0.7308692321924145,0.6491396854764108,0.5822757244145206,0.3528909515854234,0.208999059096559,0.160039895601536,0.8991001396746935
2024-12-27T02:53:58.818Z,0.7323036772514815,0.649791097075359,0.5922209140859209,0.34748379977661903,0.21492073907656484,0.15957603778113955,0.8307203421222052
2024-12-27T02:54:58.830Z,0.7316191740412978,0.6492565371731412,0.6062849560203775,0.33798470295533733,0.2206476247783195,0.15874948860489535,0.7391335821500058
2024-12-27T02:55:58.827Z,0.7316596696132154,0.6494920203191873,0.6179983060706046,0.33027470124958297,0.22626976249148778,0.15755014160128658,0.6601386561828763
2024-12-27T02:56:58.811Z,0.7319585329904165,0.6496908148408876,0.6302778567727109,0.32247279864758566,0.23263595939342707,0.15485473982848033,0.5801361931424466
2024-12-27T02:57:58.823Z,0.7318535771248006,0.6498132565360212,0.644553078709545,0.31301444203823275,0.23961035336781264,0.15040087140902964,0.48805627243203026
2024-12-27T02:58:58.829Z,0.7304871278990351,0.6492538731299331,0.6649788829088794,0.2987470126208289,0.24550784772792203,0.14677920807571013,0.3627159840339622
2024-12-27T02:59:58.814Z,0.7302086569844647,0.6485778682623233,0.6845291186507947,0.28623822044644526,0.25070089992584094,0.14349846159043914,0.24764948785326954
2024-12-27T04:27:58.974Z,0.746948505,0.651637,1.655912510637786,-0.3321053556944751,-0.45236351253609475,0.18007813416847454,0.6678109888072836
2024-12-27T04:28:59.001Z,0.7473453117843878,0.6519792643732413,1.450413011663946,-0.19829389659764918,-0.4563805626740358,0.17194168299672846,1.5010127944443656
2024-12-27T04:29:58.978Z,0.7460506822261221,0.6513942012029579,1.2464403400580384,-0.0658733274331269,-0.4575789985870481,0.16898135364951458,2.318040793816581
2024-12-27T04:30:58.974Z,0.7457898185730844,0.6509259342591176,1.1066185404011604,0.02546311129399792,-0.4563257781402153,0.17229427077788836,2.7963140460735754
2024-12-27T04:31:58.987Z,0.7450908549043765,0.6502535720607693,0.9611775611809167,0.12008171236182685,-0.4522459962412259,0.18313840066397657,3.1251103347416636
2024-12-27T04:32:59.033Z,0.7445000714994994,0.6500344497588517,0.8262485289306678,0.2074100636319921,-0.44577695032585984,0.1998501642963722,3.268383672625827
2024-12-27T04:33:58.998Z,0.743870619822108,0.6495723760850587,0.7342464666850661,0.2669243978254307,-0.43718545405186005,0.2200498259576364,3.199774636553654
2024-12-27T04:34:58.987Z,0.7441306825170322,0.6499926501396474,0.6512767718450373,0.3208055676110819,-0.4267258257401755,0.24227864032764976,3.0854201275866506
2024-12-27T04:35:59.007Z,0.7435458412622858,0.649758456521674,0.6001424099165439,0.3535982353017145,-0.4149290324378264,0.264598189581487,2.9045069014081872
2024-12-27T04:36:58.986Z,0.7422262851897184,0.6485538115695074,0.5642916428919902,0.3762527893552989,-0.4019977743521303,0.28626223182741706,2.7186630899203776
2024-12-27T04:37:58.993Z,0.7439792279851146,0.6496930202229617,0.5396343853569541,0.39338253434639353,-0.38801691468023036,0.30694882315916056,2.545699445869675
2024-12-27T04:38:59.005Z,0.7456741069776791,0.6500670497988507,0.5129457927407077,0.4122249487839945,-0.3722343561166368,0.32676254573259167,2.4007014119133436
2024-12-27T04:39:59.001Z,0.7467867266778396,0.6519465299249227,0.5140192659188816,0.4116736499474687,-0.354865069387434,0.3444115400961327,2.2256476049581417
2024-12-27T04:40:59.030Z,0.7438809113783281,0.650452628968254,0.5233941156927586,0.40343783283945883,-0.33636876564998397,0.3594761949158783,2.058012766777412
2024-12-27T04:41:59.011Z,0.7436624521731826,0.6499186969104825,0.5336067836586654,0.396861426675149,-0.3170354866392625,0.372172087807758,1.9181903659663169
2024-12-27T04:42:59.001Z,0.7429353130349915,0.6487036207420681,0.5206913668283745,0.4051609380842886,-0.29687706224961385,0.38328094293896453,1.8316538123464652
2024-12-27T04:43:59.015Z,0.7425802238152998,0.6483323850199145,0.5214991761806812,0.4044754191361581,-0.27680365195875006,0.3930792815946328,1.7331848891427568
2024-12-27T04:44:59.008Z,0.7425473264114925,0.6487060797601655,0.5249294531302336,0.4020223987207311,-0.2573537903030537,0.4020252655334461,1.6401361942982877
2024-12-27T04:45:59.031Z,0.7419068890037729,0.6482741242126588,0.5248321635833542,0.40167177779813906,-0.23878058678842087,0.4105016294657347,1.5601700909691996
2024-12-27T04:46:59.042Z,0.7409332582024794,0.6475476309281794,0.5264910738860547,0.40000521060273164,-0.22178038259966446,0.41891671213458137,1.484270202623573
2024-12-27T04:47:59.054Z,0.7410032648661405,0.6476964444457778,0.5330946986080539,0.3957197240248105,-0.2052726385087354,0.42659171676751106,1.408823328984331
2024-12-27T04:48:59.050Z,0.7396858580111806,0.6474016643986078,0.5559039824860406,0.3797926945039034,-0.18964568813065039,0.4333725720259985,1.3139695942741678
2024-12-27T04:49:59.022Z,0.7389283227849683,0.6468519405558217,0.5866470976849915,0.35945450922599087,-0.1750342759289495,0.43928337453029903,1.2167289183808496
2024-12-27T04:50:59.022Z,0.7403142206835033,0.6471890044261506,0.6108772772570259,0.3449611637889711,-0.16024308978981158,0.444066259990482,1.1376776375435755
2024-12-27T04:51:59.023Z,0.7408629693441956,0.6473637528136403,0.6301815482968017,0.3329062772848677,-0.14477551891075893,0.4474918498101224,1.0674647960589994
2024-12-27T04:52:59.022Z,0.7404397848064558,0.6471145865624032,0.6434547018842187,0.3240508614250152,-0.12960420818421514,0.4502618959061562,1.007536000123318
2024-12-27T04:53:59.031Z,0.7383524205991674,0.6464814238900983,0.6799270338761071,0.29879222359757057,-0.11453546067539333,0.45173680999857685,0.9149745496149982
2024-12-27T04:54:59.035Z,0.7382360748753263,0.6464451819933621,0.721928234081031,0.27154904620866765,-0.09931316849162662,0.4516665813460118,0.82109730942477
2024-12-27T04:55:59.016Z,0.7349193742924235,0.645271689342449,0.7885092518980024,0.22611667725804885,-0.08440988064055915,0.4498612481760401,0.6902718541720056
2024-12-27T04:56:59.027Z,0.7355423089845843,0.6457005031879234,0.8446547652716767,0.19014830202858535,-0.0701494654437863,0.4470284537373093,0.582284562193288
2024-12-27T04:57:59.004Z,0.7345279185786869,0.6449557164613569,0.8873796040251803,0.16220737029143162,-0.055055987108835185,0.44184852232686567,0.49171457280452824
2024-12-27T04:58:59.020Z,0.734137298704831,0.6440675423789829,0.9482509917899331,0.12339961286425571,-0.041093030791263044,0.43620004650514155,0.3771036820684517
2024-12-27T04:59:59.011Z,0.7347682992317008,0.644991355008645,1.0149478512766532,0.08013570937365955,-0.028729012186527368,0.430664501218492,0.2527831322344254
2024-12-27T05:35:59.383Z,0.7344225165496691,0.642857142857143,1.0189746827897974,0.07936736332765626,0.029123822392609303,0.18197519679679713,0.2761010391495907
2024-12-27T05:36:59.394Z,0.7346107820716785,0.6429864936618106,1.0075278859052113,0.08678395944699002,0.022859397369494473,0.17433061398977537,0.36668580815785334
2024-12-27T05:37:59.393Z,0.7340696916693419,0.6433661055290705,0.9944314268662654,0.0942862173506761,0.016830727236011783,0.16636212747754828,0.46558367153075436
2024-12-27T05:38:59.376Z,0.7334939678914221,0.6421955595200713,0.9878423907334667,0.0991059710566985,0.011216992767067684,0.15857301146608688,0.5542492854052099
2024-12-27T05:39:59.371Z,0.7339842336216069,0.642607422578142,0.9827510801408762,0.10246109497639344,0.006077124482075735,0.15119558222979532,0.6374787482072597
2024-12-27T05:40:59.408Z,0.73423597279864,0.6418890944547228,0.9673842171075486,0.11328259368968463,0.0014435530800900054,0.1441237194652248,0.7759932995385951
2024-12-27T05:41:59.431Z,0.7342085501814123,0.6419916554325693,0.9469930884960016,0.12624688961466257,-0.0026896346733140974,0.13736349579471294,0.9386520308180697
2024-12-27T05:42:59.373Z,0.7344999124955373,0.6420977469850963,0.9268683906486382,0.1393598071083446,-0.0063834557596475095,0.13085663722228325,1.1137628626389147
2024-12-27T05:43:59.372Z,0.7329281167251985,0.641739598249642,0.9186403058016225,0.14340025594413708,-0.009491295112716179,0.12529908275838342,1.2202128514514101
2024-12-27T05:44:59.403Z,0.7329315515058669,0.6404239106739651,0.9051392206795754,0.15325875209386808,-0.01185710099501217,0.12101380578650364,1.3644381483231989
2024-12-27T05:45:59.365Z,0.733776492730231,0.6410897203196518,0.9107908702710068,0.14987782843849895,-0.013381877971403168,0.11845906301909707,1.3781951523927098
2024-12-27T05:46:59.389Z,0.7349112366562458,0.6420968632250942,0.9217302723165742,0.1430711200621616,-0.014323421610731643,0.11701591018060281,1.3450695843836098
2024-12-27T05:47:59.382Z,0.7333406808016183,0.6409686938452661,0.929886780774677,0.13731236550449422,-0.014821321706470391,0.1163145784490429,1.307950295135308
2024-12-27T05:48:59.793Z,0.7341285041004711,0.6426505014464898,0.9364490495327111,0.13231905283918555,-0.014642932906971795,0.11653306225518742,1.2611183719203722
2024-12-27T05:49:59.359Z,0.7343397753397753,0.6441076441076441,0.9420177712499099,0.1275789279924623,-0.01369406853459574,0.11749015102840316,1.202424163136069
2024-12-27T05:50:59.361Z,0.7313822128485984,0.6425249182724665,0.9300387973693476,0.13380911057863532,-0.012078617968856929,0.11894288574741592,1.2265359767485018
2024-12-27T05:51:59.377Z,0.7331952886534838,0.6444677582599582,0.8956673429442206,0.15596656399956887,-0.009462559812550437,0.12115118750396045,1.3654767008099808
2024-12-27T05:52:59.391Z,0.7334284344322702,0.6448965877921295,0.8613314105156306,0.17795874683255808,-0.005852805032640509,0.12396028936934948,1.4828260953595997
2024-12-27T05:53:59.391Z,0.7332077319082467,0.644939029146408,0.8264604966994527,0.20019110153904363,-0.0012311845144897648,0.12720589076820593,1.5834352075767015
2024-12-27T05:54:59.376Z,0.7330528504186453,0.6454908996001044,0.7809001910156037,0.2289888836220899,0.004348093469052437,0.13100655204027456,1.7147294288302275
2024-12-27T05:55:59.373Z,0.7344361504225634,0.6474721208181228,0.7182418698421114,0.26939456369551745,0.011131813723299473,0.1356899296535418,1.9033302665248806
2024-12-27T05:56:59.387Z,0.7347798383846867,0.6494871648722187,0.6435793898356377,0.31678328511014603,0.01915210586969598,0.14154153386405358,2.102783339385851
2024-12-27T05:57:59.372Z,0.7347378789030312,0.649780198241586,0.5853044570853307,0.3544186327464412,0.02826690759280055,0.14801595018548808,2.2034903991422508
2024-12-27T05:58:59.375Z,0.7348644333221667,0.6518652593262967,0.5177643484360349,0.3973518420589997,0.03870275929591617,0.15510607903612036,2.31228256810981
2024-12-27T05:59:59.392Z,0.7349705784115683,0.651420028400568,0.48579446396313414,0.4185143348998648,0.05025357080463169,0.16133095183260562,2.282641736827627
2024-12-27T06:00:59.435Z,0.7375173624966871,0.6546102801822209,0.46791245750911686,0.43121705758589257,0.06245367836660006,0.1665301570297069,2.214393992035387
2024-12-27T06:01:59.390Z,0.7378261093049512,0.6543776681970414,0.46098472484265507,0.43616799998795985,0.07493552818868783,0.1706339941335914,2.1170017945923414
2024-12-27T06:02:59.404Z,0.7373724529592474,0.6526134418150691,0.46121995080034606,0.4363741134336567,0.08815355115023159,0.1725121569927391,2.0185276698968027
2024-12-27T06:03:59.388Z,0.7378945954216184,0.6512473950104201,0.46813105010063694,0.43302546852008617,0.10116801026731684,0.17349035649610203,1.912829421502892
2024-12-27T06:04:59.395Z,0.737915358667596,0.6504839804907709,0.4757346685539582,0.4284575778091597,0.11382392487365679,0.17382295743998877,1.810081116840554
2024-12-27T06:05:59.389Z,0.7377954074551105,0.6499092010895869,0.48189996316303596,0.4246041873907204,0.1260578254373085,0.17373959168156122,1.7183553792425326
2024-12-27T06:06:59.419Z,0.7378283722767524,0.6508062862828827,0.48541289852782593,0.42191860647204815,0.13812174883927217,0.17292044031143722,1.6411990226351811
2024-12-27T06:07:59.727Z,0.7386147595247095,0.6511313248891475,0.4884032578929606,0.42060009913269003,0.15011355882973376,0.17129609813000035,1.5790583863601968
2024-12-27T06:08:59.387Z,0.7376469009812168,0.651162488336112,0.48312165630911763,0.4230562010899078,0.16189502756030227,0.16939518991606328,1.541727209958046
2024-12-27T06:09:59.408Z,0.7368644412043538,0.6506942194381443,0.4724299021846952,0.42945703476304464,0.17331432618994128,0.16779467169803092,1.5265246862788746
2024-12-27T06:10:59.413Z,0.7369362898975667,0.6504554650303459,0.4623464949811956,0.4362004854994226,0.18433049441812466,0.16660700488834504,1.5117611126260482
2024-12-27T06:11:59.461Z,0.7356741209585089,0.6493103155200256,0.4503153182917967,0.44327973955496164,0.1949748630680941,0.16580761366662733,1.4975480980391476
2024-12-27T06:12:59.385Z,0.7359383828010235,0.6498615517998265,0.44536077192936857,0.44651554044423547,0.20527825560669627,0.1651104316469902,1.4610662841298234
2024-12-27T06:13:59.474Z,0.7356949623581932,0.6499301966494392,0.43592042350868737,0.4523771157836852,0.2152699356318808,0.16464447447029235,1.4401162317450678
2024-12-27T06:14:59.433Z,0.7359777282895322,0.649556555764775,0.4261945170271432,0.4591402857235493,0.22506794391674498,0.1642882865909707,1.4247658592336245
2024-12-27T06:15:59.406Z,0.736349516417409,0.6496786115699835,0.41699370134445257,0.46543762749451667,0.23482821831108092,0.16378149613953713,1.40803091081158
2024-12-27T06:16:59.397Z,0.7355281641053539,0.6490369951087211,0.403360353217311,0.473732372507198,0.24457590447944969,0.16320544491243077,1.4040981791428842
2024-12-27T06:17:59.390Z,0.7346570907683553,0.6488882844087802,0.3871594329721513,0.4834338705143799,0.2543633857936367,0.1625611229459065,1.4091344878133514
2024-12-27T06:18:59.406Z,0.7351158805794029,0.6487692438462193,0.36845118144912004,0.4960760861964112,0.26404509283389815,0.1622528698913168,1.4300578690406913
2024-12-27T06:19:59.388Z,0.7357982367629721,0.648555619668013,0.3515133796087246,0.5078222590292383,0.2737181954305361,0.16208066590596068,1.444367607266184
2024-12-27T06:20:59.677Z,0.7359380956285738,0.6479968879813279,0.33541500220427506,0.5185902180179534,0.28345618193983335,0.16187345588892219,1.4525793298653569
2024-12-27T06:21:59.382Z,0.7362877471652188,0.647967127638404,0.3210030661930676,0.5282883124009763,0.2931975518155564,0.161658305577386,1.454244863855026
2024-12-27T06:22:59.382Z,0.7369241477244317,0.6495904877146315,0.3076713456971527,0.5370637682172013,0.3029243831692414,0.1614073270468757,1.4506118732761208
2024-12-27T06:23:59.402Z,0.7384644880980356,0.6509637066332015,0.3050339458820464,0.5398984600377073,0.3125071800483333,0.1609681468973789,1.412647684478479
2024-12-27T06:24:59.408Z,0.737943412792221,0.6505658920775109,0.3114427649292537,0.5353293725949345,0.3217830624946063,0.16017598912300002,1.3331980109474761
2024-12-27T06:25:59.426Z,0.7381893221650876,0.6514093310052821,0.32059410904053637,0.5293513280707574,0.33078274178946837,0.15893941467601697,1.2493350795713722
2024-12-27T06:26:59.389Z,0.7374952150956982,0.6513359732805344,0.3273615820971094,0.5242728404058219,0.339532519408645,0.15729983845741513,1.1744469848720829
2024-12-27T06:27:59.738Z,0.7377299799404413,0.6511996736071807,0.3315631791901188,0.5218161458716768,0.348083117979065,0.15534399852869937,1.1183761814944857
2024-12-27T06:28:59.401Z,0.7378393474097888,0.6511782323265151,0.33537795040396706,0.519448526504444,0.3564899690880199,0.1529987333421613,1.065097428303468
2024-12-27T06:29:59.408Z,0.7377736442635573,0.6512324876751232,0.3409401521468934,0.515742340832601,0.36475559400514407,0.15018956298462377,1.005307851138196
2024-12-27T06:30:59.417Z,0.738882331646633,0.65147502950059,0.35552820228471455,0.5072645855749068,0.3726352338428485,0.147092552365345,0.9152696691105687
2024-12-27T06:31:59.376Z,0.7388864500916007,0.6504442035536284,0.36917312337135816,0.49875993188691226,0.3800854946882935,0.14382182393639212,0.8251490208544757
2024-12-27T06:32:59.385Z,0.738918944406221,0.6503718118979808,0.3859712657180412,0.4878941129806215,0.38705618080573906,0.14039089502452737,0.7182654698316817
2024-12-27T06:33:59.382Z,0.7391419555867551,0.6497619540467813,0.38923320599552663,0.4862330270792084,0.3939128362284404,0.1366453307820431,0.6756190666918859
2024-12-27T06:34:59.686Z,0.7380116291511789,0.6492244399177189,0.3975127971857141,0.47993660603815785,0.40044639330732623,0.13273647980741177,0.5988573212591181
2024-12-27T06:35:59.391Z,0.7358519836246222,0.6481803691459725,0.41514342572366925,0.46676416469053067,0.40678412003236686,0.1281057185048285,0.46820739431630504
2024-12-27T06:36:59.407Z,0.7363676827213372,0.6487926246451176,0.4458784923605619,0.4470850053899203,0.41286439773892203,0.12253855571531706,0.2792640034904603
2024-12-27T06:44:59.400Z,0.7391301213349748,0.6505536727005806,0.37695142514453894,0.493902987277477,0.45652296665028075,0.05493495273266765,0.680441481566395
2024-12-27T06:45:59.415Z,0.7394786138716831,0.6505489032934197,0.3452870874519076,0.5148524778084655,0.46143212493253977,0.048594804766468686,1.0993017285005497
2024-12-27T06:46:59.402Z,0.7381889841339048,0.6491368948213688,0.3160155656985813,0.5330516211011094,0.46575749165235897,0.04502074588919859,1.4947359960310134
2024-12-27T06:47:59.406Z,0.7377868230658846,0.6492807535962319,0.29859303973688,0.5439161092069336,0.4695474411815689,0.0434367632645118,1.712113482592855
2024-12-27T06:48:59.419Z,0.738592053671517,0.6500301497286525,0.34269121996718166,0.5158324286455553,0.47191705291329994,0.04265840191305317,1.0294660316100028
2024-12-27T06:49:59.414Z,0.7392024614295372,0.6501538018456221,0.37619163997555166,0.49462003647689273,0.4734391669448405,0.042079614138914,0.5033522755729068
2024-12-27T07:09:59.102Z,0.7392522814589336,0.6489593187322628,0.42829878592786697,0.46130379312932984,0.39929888076452036,0.1376373902036872,0.45049468224476996
2024-12-27T07:10:59.107Z,0.7400229671607701,0.6495235466648266,0.3408774731959232,0.5186150217924097,0.3992993768400095,0.13763782019909154,0.8668812451389559
2024-12-27T07:11:59.093Z,0.7397721300114106,0.6502250628285812,0.25518801108867756,0.5738424894681746,0.40021046038135344,0.13863579093911388,1.252432924504156
2024-12-27T07:12:59.111Z,0.7386785417862478,0.6488823201182378,0.25085785401642324,0.5759013154521889,0.4009872113260532,0.13950644487292246,1.2538066200845874
2024-12-27T07:13:59.078Z,0.7382831261506215,0.6484090547728356,0.2986244350392968,0.5446523384947191,0.4010822888951935,0.13960267116446146,1.0284190725146676
2024-12-27T07:14:59.121Z,0.7381505901387874,0.6485406777271232,0.3442144319510677,0.5149135291577852,0.4006739720264505,0.13923880389153073,0.8204577598952169
2024-12-27T07:15:59.109Z,0.7371490777387348,0.6479647854790098,0.4556636272276864,0.4418950932715595,0.3989248473304665,0.13815647451171104,0.31102592978695737
